セットID,セット名,ブランド名,モデル年,参考価格,対象ユーザー層,セットの特徴・コンセプト,推奨度,クラブ種別,クラブ名,ロフト角,シャフト名・素材,フレックス,長さ,ライ角,クラブ重量,ヘッド素材,シャフト重量,グリップ名,単品価格,ブランドロゴ画像ファイル名,発売日,公式商品ページURL,商品画像URL,備考
,,Titleist,,,,,,ドライバー,,,"ピックアップメーカー


テーラーメイド
キャロウェイ
ダンロップ
ミズノ
ピン



2025年最新モデル



評価・レビューする



スペック検索



トップページ",,,,,,,,,titleist.svg,,,,
,,Titleist,,,,,,ドライバー,,,,,,,,,,,,titleist.svg,,,,
,すべてのクラブ種類,Titleist,,,,,,ドライバー,すべてのクラブ種類,,"すべてのメーカー
GTDゴルフ
Jazz Golf
jBEAM
RODDIO
S-YARD
SYB（サイブ／コンセプト）
T.P.Mills
TMJ
YES!Golf
アキラプロダクツ
イオンスポーツ
ウイットラム
ウイルソン
ウィンバード
エナ
エポン
オデッセイ
カタナ
カムイ
キャスコ
キャロウェイ
グランプリ
クリーブランド
クルーズ
クレイジー
グローブライド（旧ダイワ）
ゲージデザイン
コブラ
サソーグラインド
ジオテック
ジャスティック
スコッティ・キャメロン
タイトリスト
ダンロップ
つるやゴルフ
テーラーメイド
ナイキ
ネバーコンプロマイズ
パワービルト
ピン
フォーティーン
フォレスタ
ブリヂストン
プロギア
ベティナルディ
マグレガー
マルマン
ミズノ
ヤマハ
ヨネックス
リョーマゴルフ
ロイヤルコレクション
ロマロ
ワークス
三浦技研
本間ゴルフ
すべてのメーカー",,,,,,,,,titleist.svg,,,,
,,Titleist,,,,,,ドライバー,,,ユーザーが参加するゴルフクラブの評価・レビューサイト,,,,,,,,,titleist.svg,,,,
,タイトリスト,Titleist,2025,,,,,ドライバー,タイトリスト,ドライバー,タイトリスト,ドライバー,スペックを見る »,SLEルール： 適合,このクラブの価格はこちら »,,1W,,,titleist.svg,2025年04月,https://golfnavi.infohttps://golfnavi.info?p=23360,,
,タイトリスト,Titleist,,,,,,ドライバー,タイトリスト,SLEルール： 適合,ドライバー,SLEルール： 適合,,,,,,,,titleist.svg,,,,
,,Titleist,,,,,,ドライバー,,発売時期：2025年04月,"GT280 Mini ドライバー





発売時期：2025年04月

スペックを見る »



このクラブの価格はこちら »",発売時期：2025年04月,,スペックを見る »,,,,,,titleist.svg,,,,
,発売時期：2025年04月,Titleist,2025,,,,,ドライバー,発売時期：2025年04月,,スペックを見る »,,,,,,,,,titleist.svg,2025年04月,,,
,このクラブの価格はこちら »,Titleist,,,,,,ドライバー,このクラブの価格はこちら »,,,,,,,,,,,titleist.svg,,https://golfnavi.infohttps://golfnavi.info/price/23360,,
,TOUR AD DI 6,Titleist,,,,,,ドライバー,TOUR AD DI 6,13,S,13,-,56,65,,3.3,,,titleist.svg,,,,
,タイトリスト,Titleist,2025,,,,,ドライバー,タイトリスト,ドライバー,タイトリスト,ドライバー,スペックを見る »,SLEルール： 適合,このクラブの価格はこちら »,,1W,,,titleist.svg,2025年02月,https://golfnavi.infohttps://golfnavi.info?p=23033,,
,タイトリスト,Titleist,,,,,,ドライバー,タイトリスト,SLEルール： 適合,ドライバー,SLEルール： 適合,,,,,,,,titleist.svg,,,,
,,Titleist,,,,,,ドライバー,,発売時期：2025年02月,"GT1 ドライバー





発売時期：2025年02月

スペックを見る »



このクラブの価格はこちら »",発売時期：2025年02月,,スペックを見る »,,,,,,titleist.svg,,,,
,発売時期：2025年02月,Titleist,2025,,,,,ドライバー,発売時期：2025年02月,,スペックを見る »,,,,,,,,,titleist.svg,2025年02月,,,
,このクラブの価格はこちら »,Titleist,,,,,,ドライバー,このクラブの価格はこちら »,,,,,,,,,,,titleist.svg,,https://golfnavi.infohttps://golfnavi.info/price/23033,,
,S,Titleist,,,,,,ドライバー,S,58.5,9,58.5,50.5,-,7,,-,,,titleist.svg,,,,
,R2,Titleist,,,,,,ドライバー,R2,58.5,9,58.5,48.5,-,8,,-,,,titleist.svg,,,,
,1W,Titleist,,,,,,ドライバー,1W,R,Fujikura AIR SPEEDER Next Gen 40,R,45.5,10,-,,49.5,,,titleist.svg,,,,
,S,Titleist,,,,,,ドライバー,S,58.5,10,58.5,50.5,-,7,,-,,,titleist.svg,,,,
,R2,Titleist,,,,,,ドライバー,R2,58.5,10,58.5,48.5,-,8,,-,,,titleist.svg,,,,
,1W,Titleist,,,,,,ドライバー,1W,R,Fujikura AIR SPEEDER Next Gen 40,R,45.5,12,-,,49.5,,,titleist.svg,,,,
,S,Titleist,,,,,,ドライバー,S,-,12,-,50.5,-,7,,-,,,titleist.svg,,,,
,R2,Titleist,,,,,,ドライバー,R2,-,12,-,48.5,-,8,,-,,,titleist.svg,,,,
,タイトリスト,Titleist,2024,,,,,ドライバー,タイトリスト,ドライバー,タイトリスト,ドライバー,スペックを見る »,SLEルール： 適合,このクラブの価格はこちら »,,1W,,,titleist.svg,2024年08月,https://golfnavi.infohttps://golfnavi.info?p=22554,,
,タイトリスト,Titleist,,,,,,ドライバー,タイトリスト,SLEルール： 適合,ドライバー,SLEルール： 適合,,,,,,,,titleist.svg,,,,
,,Titleist,,,,,,ドライバー,,発売時期：2024年08月,"GT2 ドライバー





発売時期：2024年08月

スペックを見る »



このクラブの価格はこちら »",発売時期：2024年08月,,スペックを見る »,,,,,,titleist.svg,,,,
,発売時期：2024年08月,Titleist,2024,,,,,ドライバー,発売時期：2024年08月,,スペックを見る »,,,,,,,,,titleist.svg,2024年08月,,,
,このクラブの価格はこちら »,Titleist,,,,,,ドライバー,このクラブの価格はこちら »,,,,,,,,,,,titleist.svg,,https://golfnavi.infohttps://golfnavi.info/price/22554,,
,Project X DENALI Red 40,Titleist,,,,,,ドライバー,Project X DENALI Red 40,8,4.0,8,-,58.5,48,,6.2,,,titleist.svg,,,,
,Project X DENALI Red 50,Titleist,,,,,,ドライバー,Project X DENALI Red 50,8,5.5,8,-,58.5,53,,5.4,,,titleist.svg,,,,
,5.0,Titleist,,,,,,ドライバー,5.0,58.5,8,58.5,52,-,5.9,,-,,,titleist.svg,,,,
,Graphite Design Tour AD DI 5 (プレミアム シャフト オプション),Titleist,,,,,,ドライバー,Graphite Design Tour AD DI 5 (プレミアム シャフト オプション),8,S,8,-,58.5,57,,4.7,,,titleist.svg,,,,
,Graphite Design Tour AD DI 6 (プレミアム シャフト オプション),Titleist,,,,,,ドライバー,Graphite Design Tour AD DI 6 (プレミアム シャフト オプション),8,S,8,-,58.5,65,,3.3,,,titleist.svg,,,,
,Graphite Design Tour AD VF 5 (プレミアム シャフト オプション),Titleist,,,,,,ドライバー,Graphite Design Tour AD VF 5 (プレミアム シャフト オプション),8,S,8,-,58.5,56.5,,4.3,,,titleist.svg,,,,
,Graphite Design Tour AD VF 6 (プレミアム シャフト オプション),Titleist,,,,,,ドライバー,Graphite Design Tour AD VF 6 (プレミアム シャフト オプション),8,S,8,-,58.5,66.5,,3.3,,,titleist.svg,,,,
,1W,Titleist,,,,,,ドライバー,1W,S,Mitsubishi Tensei 1K Blue 55,S,45.5,9,-,,59,,,titleist.svg,,,,
,Project X DENALI Red 40,Titleist,,,,,,ドライバー,Project X DENALI Red 40,9,4.0,9,-,58.5,48,,6.2,,,titleist.svg,,,,
,Project X DENALI Red 50,Titleist,,,,,,ドライバー,Project X DENALI Red 50,9,5.5,9,-,58.5,53,,5.4,,,titleist.svg,,,,
,5.0,Titleist,,,,,,ドライバー,5.0,58.5,9,58.5,52,-,5.9,,-,,,titleist.svg,,,,
,Graphite Design Tour AD DI 5 (プレミアム シャフト オプション),Titleist,,,,,,ドライバー,Graphite Design Tour AD DI 5 (プレミアム シャフト オプション),9,S,9,-,58.5,57,,4.7,,,titleist.svg,,,,
,Graphite Design Tour AD DI 6 (プレミアム シャフト オプション),Titleist,,,,,,ドライバー,Graphite Design Tour AD DI 6 (プレミアム シャフト オプション),9,S,9,-,58.5,65,,3.3,,,titleist.svg,,,,
,Graphite Design Tour AD VF 5 (プレミアム シャフト オプション),Titleist,,,,,,ドライバー,Graphite Design Tour AD VF 5 (プレミアム シャフト オプション),9,S,9,-,58.5,56.5,,4.3,,,titleist.svg,,,,
,Graphite Design Tour AD VF 6 (プレミアム シャフト オプション),Titleist,,,,,,ドライバー,Graphite Design Tour AD VF 6 (プレミアム シャフト オプション),9,S,9,-,58.5,66.5,,3.3,,,titleist.svg,,,,
,1W,Titleist,,,,,,ドライバー,1W,S,Mitsubishi Tensei 1K Blue 55,S,45.5,10,-,,59,,,titleist.svg,,,,
,Project X DENALI Red 40,Titleist,,,,,,ドライバー,Project X DENALI Red 40,10,4.0,10,-,58.5,48,,6.2,,,titleist.svg,,,,
,Project X DENALI Red 50,Titleist,,,,,,ドライバー,Project X DENALI Red 50,10,5.5,10,-,58.5,53,,5.4,,,titleist.svg,,,,
,5.0,Titleist,,,,,,ドライバー,5.0,58.5,10,58.5,52,-,5.9,,-,,,titleist.svg,,,,
,Graphite Design Tour AD DI 5 (プレミアム シャフト オプション),Titleist,,,,,,ドライバー,Graphite Design Tour AD DI 5 (プレミアム シャフト オプション),10,S,10,-,58.5,57,,4.7,,,titleist.svg,,,,
,Graphite Design Tour AD DI 6 (プレミアム シャフト オプション),Titleist,,,,,,ドライバー,Graphite Design Tour AD DI 6 (プレミアム シャフト オプション),10,S,10,-,58.5,65,,3.3,,,titleist.svg,,,,
,Graphite Design Tour AD VF 5 (プレミアム シャフト オプション),Titleist,,,,,,ドライバー,Graphite Design Tour AD VF 5 (プレミアム シャフト オプション),10,S,10,-,58.5,56.5,,4.3,,,titleist.svg,,,,
,Graphite Design Tour AD VF 6 (プレミアム シャフト オプション),Titleist,,,,,,ドライバー,Graphite Design Tour AD VF 6 (プレミアム シャフト オプション),10,S,10,-,58.5,66.5,,3.3,,,titleist.svg,,,,
,1W,Titleist,,,,,,ドライバー,1W,S,Mitsubishi Tensei 1K Blue 55,S,45.5,11,-,,59,,,titleist.svg,,,,
,Project X DENALI Red 40,Titleist,,,,,,ドライバー,Project X DENALI Red 40,11,4.0,11,-,58.5,48,,6.2,,,titleist.svg,,,,
,Project X DENALI Red 50,Titleist,,,,,,ドライバー,Project X DENALI Red 50,11,5.5,11,-,58.5,53,,5.4,,,titleist.svg,,,,
,5.0,Titleist,,,,,,ドライバー,5.0,58.5,11,58.5,52,-,5.9,,-,,,titleist.svg,,,,
,Graphite Design Tour AD DI 5 (プレミアム シャフト オプション),Titleist,,,,,,ドライバー,Graphite Design Tour AD DI 5 (プレミアム シャフト オプション),11,S,11,-,58.5,57,,4.7,,,titleist.svg,,,,
,Graphite Design Tour AD DI 6 (プレミアム シャフト オプション),Titleist,,,,,,ドライバー,Graphite Design Tour AD DI 6 (プレミアム シャフト オプション),11,S,11,-,58.5,65,,3.3,,,titleist.svg,,,,
,Graphite Design Tour AD VF 5 (プレミアム シャフト オプション),Titleist,,,,,,ドライバー,Graphite Design Tour AD VF 5 (プレミアム シャフト オプション),11,S,11,-,58.5,56.5,,4.3,,,titleist.svg,,,,
,Graphite Design Tour AD VF 6 (プレミアム シャフト オプション),Titleist,,,,,,ドライバー,Graphite Design Tour AD VF 6 (プレミアム シャフト オプション),11,S,11,-,58.5,66.5,,3.3,,,titleist.svg,,,,
,タイトリスト,Titleist,2024,,,,,ドライバー,タイトリスト,ドライバー,タイトリスト,ドライバー,スペックを見る »,SLEルール： 適合,このクラブの価格はこちら »,,1W,,,titleist.svg,2024年08月,https://golfnavi.infohttps://golfnavi.info?p=22555,,
,タイトリスト,Titleist,,,,,,ドライバー,タイトリスト,SLEルール： 適合,ドライバー,SLEルール： 適合,,,,,,,,titleist.svg,,,,
,,Titleist,,,,,,ドライバー,,発売時期：2024年08月,"GT3 ドライバー





発売時期：2024年08月

スペックを見る »



このクラブの価格はこちら »",発売時期：2024年08月,,スペックを見る »,,,,,,titleist.svg,,,,
,発売時期：2024年08月,Titleist,2024,,,,,ドライバー,発売時期：2024年08月,,スペックを見る »,,,,,,,,,titleist.svg,2024年08月,,,
,このクラブの価格はこちら »,Titleist,,,,,,ドライバー,このクラブの価格はこちら »,,,,,,,,,,,titleist.svg,,https://golfnavi.infohttps://golfnavi.info/price/22555,,
,Mitsubishi Tensei 1K Blue 55,Titleist,,,,,,ドライバー,Mitsubishi Tensei 1K Blue 55,8,S,8,-,58.5,59,,4.7,,,titleist.svg,,,,
,Graphite Design Tour AD DI 6 (プレミアム シャフト オプション),Titleist,,,,,,ドライバー,Graphite Design Tour AD DI 6 (プレミアム シャフト オプション),8,S,8,-,58.5,65,,3.3,,,titleist.svg,,,,
,Graphite Design Tour AD VF 6 (プレミアム シャフト オプション),Titleist,,,,,,ドライバー,Graphite Design Tour AD VF 6 (プレミアム シャフト オプション),8,S,8,-,58.5,66.5,,3.3,,,titleist.svg,,,,
,1W,Titleist,,,,,,ドライバー,1W,S,Mitsubishi Tensei 1K Black 65,S,45.5,9,-,,67,,,titleist.svg,,,,
,Mitsubishi Tensei 1K Blue 55,Titleist,,,,,,ドライバー,Mitsubishi Tensei 1K Blue 55,9,S,9,-,58.5,59,,4.7,,,titleist.svg,,,,
,Graphite Design Tour AD DI 6 (プレミアム シャフト オプション),Titleist,,,,,,ドライバー,Graphite Design Tour AD DI 6 (プレミアム シャフト オプション),9,S,9,-,58.5,65,,3.3,,,titleist.svg,,,,
,Graphite Design Tour AD VF 6 (プレミアム シャフト オプション),Titleist,,,,,,ドライバー,Graphite Design Tour AD VF 6 (プレミアム シャフト オプション),9,S,9,-,58.5,66.5,,3.3,,,titleist.svg,,,,
,1W,Titleist,,,,,,ドライバー,1W,S,Mitsubishi Tensei 1K Black 65,S,45.5,10,-,,67,,,titleist.svg,,,,
,Mitsubishi Tensei 1K Blue 55,Titleist,,,,,,ドライバー,Mitsubishi Tensei 1K Blue 55,10,S,10,-,58.5,59,,4.7,,,titleist.svg,,,,
,Graphite Design Tour AD DI 6 (プレミアム シャフト オプション),Titleist,,,,,,ドライバー,Graphite Design Tour AD DI 6 (プレミアム シャフト オプション),10,S,10,-,58.5,65,,3.3,,,titleist.svg,,,,
,Graphite Design Tour AD VF 6 (プレミアム シャフト オプション),Titleist,,,,,,ドライバー,Graphite Design Tour AD VF 6 (プレミアム シャフト オプション),10,S,10,-,58.5,66.5,,3.3,,,titleist.svg,,,,
,1W,Titleist,,,,,,ドライバー,1W,S,Mitsubishi Tensei 1K Black 65,S,45.5,11,-,,67,,,titleist.svg,,,,
,Mitsubishi Tensei 1K Blue 55,Titleist,,,,,,ドライバー,Mitsubishi Tensei 1K Blue 55,11,S,11,-,58.5,59,,4.7,,,titleist.svg,,,,
,Graphite Design Tour AD DI 6 (プレミアム シャフト オプション),Titleist,,,,,,ドライバー,Graphite Design Tour AD DI 6 (プレミアム シャフト オプション),11,S,11,-,58.5,65,,3.3,,,titleist.svg,,,,
,Graphite Design Tour AD VF 6 (プレミアム シャフト オプション),Titleist,,,,,,ドライバー,Graphite Design Tour AD VF 6 (プレミアム シャフト オプション),11,S,11,-,58.5,66.5,,3.3,,,titleist.svg,,,,
,タイトリスト,Titleist,2024,,,,,ドライバー,タイトリスト,ドライバー,タイトリスト,ドライバー,スペックを見る »,SLEルール： 適合,このクラブの価格はこちら »,,1W,,,titleist.svg,2024年08月,https://golfnavi.infohttps://golfnavi.info?p=22556,,
,タイトリスト,Titleist,,,,,,ドライバー,タイトリスト,SLEルール： 適合,ドライバー,SLEルール： 適合,,,,,,,,titleist.svg,,,,
,,Titleist,,,,,,ドライバー,,発売時期：2024年08月,"GT4 ドライバー





発売時期：2024年08月

スペックを見る »



このクラブの価格はこちら »",発売時期：2024年08月,,スペックを見る »,,,,,,titleist.svg,,,,
,発売時期：2024年08月,Titleist,2024,,,,,ドライバー,発売時期：2024年08月,,スペックを見る »,,,,,,,,,titleist.svg,2024年08月,,,
,このクラブの価格はこちら »,Titleist,,,,,,ドライバー,このクラブの価格はこちら »,,,,,,,,,,,titleist.svg,,https://golfnavi.infohttps://golfnavi.info/price/22556,,
,1W,Titleist,,,,,,ドライバー,1W,S,Mitsubishi Tensei 1K Black 65,S,45.5,9,-,,67,,,titleist.svg,,,,
,1W,Titleist,,,,,,ドライバー,1W,S,Mitsubishi Tensei 1K Black 65,S,45.5,10,-,,67,,,titleist.svg,,,,
,タイトリスト,Titleist,2023,,,,,ドライバー,タイトリスト,ドライバー,タイトリスト,ドライバー,スペックを見る »,SLEルール： 適合,このクラブの価格はこちら »,,1W,,,titleist.svg,2023年02月,https://golfnavi.infohttps://golfnavi.info?p=20879,,
,タイトリスト,Titleist,,,,,,ドライバー,タイトリスト,SLEルール： 適合,ドライバー,SLEルール： 適合,,,,,,,,titleist.svg,,,,
,,Titleist,,,,,,ドライバー,,発売時期：2023年02月,"TSR1 ドライバー





発売時期：2023年02月

スペックを見る »



このクラブの価格はこちら »",発売時期：2023年02月,,スペックを見る »,,,,,,titleist.svg,,,,
,発売時期：2023年02月,Titleist,2023,,,,,ドライバー,発売時期：2023年02月,,スペックを見る »,,,,,,,,,titleist.svg,2023年02月,,,
,このクラブの価格はこちら »,Titleist,,,,,,ドライバー,このクラブの価格はこちら »,,,,,,,,,,,titleist.svg,,https://golfnavi.infohttps://golfnavi.info/price/20879,,
,SR,Titleist,,,,,,ドライバー,SR,59,9,59,47,-,5.8,,中調子,,,titleist.svg,,,,
,S,Titleist,,,,,,ドライバー,S,59,9,59,49,-,5.7,,中調子,,,titleist.svg,,,,
,1W,Titleist,,,,,,ドライバー,1W,R,TSP 120,R,45.75,10,269,,45,,,titleist.svg,,,,
,SR,Titleist,,,,,,ドライバー,SR,59,10,59,47,-,5.8,,中調子,,,titleist.svg,,,,
,S,Titleist,,,,,,ドライバー,S,59,10,59,49,-,5.7,,中調子,,,titleist.svg,,,,
,1W,Titleist,,,,,,ドライバー,1W,R,TSP 120,R,45.75,12,269,,45,,,titleist.svg,,,,
,SR,Titleist,,,,,,ドライバー,SR,59,12,59,47,-,5.8,,中調子,,,titleist.svg,,,,
,S,Titleist,,,,,,ドライバー,S,59,12,59,49,-,5.7,,中調子,,,titleist.svg,,,,
,タイトリスト,Titleist,2022,,,,,ドライバー,タイトリスト,ドライバー,タイトリスト,ドライバー,スペックを見る »,SLEルール： 適合,このクラブの価格はこちら »,,1W,,,titleist.svg,2022年09月,https://golfnavi.infohttps://golfnavi.info?p=20273,,
,タイトリスト,Titleist,,,,,,ドライバー,タイトリスト,SLEルール： 適合,ドライバー,SLEルール： 適合,,,,,,,,titleist.svg,,,,
,,Titleist,,,,,,ドライバー,,発売時期：2022年09月,"TSR2 ドライバー





発売時期：2022年09月

スペックを見る »



このクラブの価格はこちら »",発売時期：2022年09月,,スペックを見る »,,,,,,titleist.svg,,,,
,発売時期：2022年09月,Titleist,2022,,,,,ドライバー,発売時期：2022年09月,,スペックを見る »,,,,,,,,,titleist.svg,2022年09月,,,
,このクラブの価格はこちら »,Titleist,,,,,,ドライバー,このクラブの価格はこちら »,,,,,,,,,,,titleist.svg,,https://golfnavi.infohttps://golfnavi.info/price/20273,,
,S,Titleist,,,,,,ドライバー,S,58,8,58,54,-,5.5,,先中調子,,,titleist.svg,,,,
,TSP310 60 (オリジナル),Titleist,,,,,,ドライバー,TSP310 60 (オリジナル),8,S,8,312,58,59,,5.5,,,titleist.svg,,,,
,TOUR AD DI (プレミアム),Titleist,,,,,,ドライバー,TOUR AD DI (プレミアム),8,5S,8,309,58,57,,4.7,,,titleist.svg,,,,
,6S,Titleist,,,,,,ドライバー,6S,58,8,58,65,-,3.5,,中調子,,,titleist.svg,,,,
,TOUR AD IZ (プレミアム),Titleist,,,,,,ドライバー,TOUR AD IZ (プレミアム),8,5S,8,308,58,56,,4.4,,,titleist.svg,,,,
,6S,Titleist,,,,,,ドライバー,6S,58,8,58,63,-,3.2,,中調子,,,titleist.svg,,,,
,TENSEI AV BLUE 55,Titleist,,,,,,ドライバー,TENSEI AV BLUE 55,8,S,8,312,58,58,,4.9,,,titleist.svg,,,,
,1W,Titleist,,,,,,ドライバー,1W,SR,TSP111 50 (オリジナル),SR,45.5,9,303,,52,,,titleist.svg,,,,
,S,Titleist,,,,,,ドライバー,S,58,9,58,54,-,5.5,,先中調子,,,titleist.svg,,,,
,TSP310 60 (オリジナル),Titleist,,,,,,ドライバー,TSP310 60 (オリジナル),9,S,9,312,58,59,,5.5,,,titleist.svg,,,,
,TOUR AD DI (プレミアム),Titleist,,,,,,ドライバー,TOUR AD DI (プレミアム),9,5S,9,309,58,57,,4.7,,,titleist.svg,,,,
,6S,Titleist,,,,,,ドライバー,6S,58,9,58,65,-,3.5,,中調子,,,titleist.svg,,,,
,TOUR AD IZ (プレミアム),Titleist,,,,,,ドライバー,TOUR AD IZ (プレミアム),9,5S,9,308,58,56,,4.4,,,titleist.svg,,,,
,6S,Titleist,,,,,,ドライバー,6S,58,9,58,63,-,3.2,,中調子,,,titleist.svg,,,,
,TENSEI AV BLUE 55,Titleist,,,,,,ドライバー,TENSEI AV BLUE 55,9,S,9,312,58,58,,4.9,,,titleist.svg,,,,
,1W,Titleist,,,,,,ドライバー,1W,SR,TSP111 50 (オリジナル),SR,45.5,10,303,,52,,,titleist.svg,,,,
,S,Titleist,,,,,,ドライバー,S,58,10,58,54,-,5.5,,先中調子,,,titleist.svg,,,,
,TSP310 60 (オリジナル),Titleist,,,,,,ドライバー,TSP310 60 (オリジナル),10,S,10,312,58,59,,5.5,,,titleist.svg,,,,
,TOUR AD DI (プレミアム),Titleist,,,,,,ドライバー,TOUR AD DI (プレミアム),10,5S,10,309,58,57,,4.7,,,titleist.svg,,,,
,6S,Titleist,,,,,,ドライバー,6S,58,10,58,65,-,3.5,,中調子,,,titleist.svg,,,,
,TOUR AD IZ (プレミアム),Titleist,,,,,,ドライバー,TOUR AD IZ (プレミアム),10,5S,10,308,58,56,,4.4,,,titleist.svg,,,,
,6S,Titleist,,,,,,ドライバー,6S,58,10,58,63,-,3.2,,中調子,,,titleist.svg,,,,
,TENSEI AV BLUE 55,Titleist,,,,,,ドライバー,TENSEI AV BLUE 55,10,S,10,312,58,58,,4.9,,,titleist.svg,,,,
,1W,Titleist,,,,,,ドライバー,1W,SR,TSP111 50 (オリジナル),SR,45.5,11,303,,52,,,titleist.svg,,,,
,S,Titleist,,,,,,ドライバー,S,58,11,58,54,-,5.5,,先中調子,,,titleist.svg,,,,
,TSP310 60 (オリジナル),Titleist,,,,,,ドライバー,TSP310 60 (オリジナル),11,S,11,312,58,59,,5.5,,,titleist.svg,,,,
,TOUR AD DI (プレミアム),Titleist,,,,,,ドライバー,TOUR AD DI (プレミアム),11,5S,11,309,58,57,,4.7,,,titleist.svg,,,,
,6S,Titleist,,,,,,ドライバー,6S,58,11,58,65,-,3.5,,中調子,,,titleist.svg,,,,
,TOUR AD IZ (プレミアム),Titleist,,,,,,ドライバー,TOUR AD IZ (プレミアム),11,5S,11,308,58,56,,4.4,,,titleist.svg,,,,
,6S,Titleist,,,,,,ドライバー,6S,58,11,58,63,-,3.2,,中調子,,,titleist.svg,,,,
,TENSEI AV BLUE 55,Titleist,,,,,,ドライバー,TENSEI AV BLUE 55,11,S,11,312,58,58,,4.9,,,titleist.svg,,,,
,タイトリスト,Titleist,2022,,,,,ドライバー,タイトリスト,ドライバー,タイトリスト,ドライバー,スペックを見る »,SLEルール： 適合,このクラブの価格はこちら »,,1W,,,titleist.svg,2022年09月,https://golfnavi.infohttps://golfnavi.info?p=20274,,
,タイトリスト,Titleist,,,,,,ドライバー,タイトリスト,SLEルール： 適合,ドライバー,SLEルール： 適合,,,,,,,,titleist.svg,,,,
,,Titleist,,,,,,ドライバー,,発売時期：2022年09月,"TSR3 ドライバー





発売時期：2022年09月

スペックを見る »



このクラブの価格はこちら »",発売時期：2022年09月,,スペックを見る »,,,,,,titleist.svg,,,,
,発売時期：2022年09月,Titleist,2022,,,,,ドライバー,発売時期：2022年09月,,スペックを見る »,,,,,,,,,titleist.svg,2022年09月,,,
,このクラブの価格はこちら »,Titleist,,,,,,ドライバー,このクラブの価格はこちら »,,,,,,,,,,,titleist.svg,,https://golfnavi.infohttps://golfnavi.info/price/20274,,
,TSP310 60 (オリジナル),Titleist,,,,,,ドライバー,TSP310 60 (オリジナル),8,S,8,311,58.5,59,,5.5,,,titleist.svg,,,,
,TOUR AD DI (プレミアム),Titleist,,,,,,ドライバー,TOUR AD DI (プレミアム),8,5S,8,308,58.5,57,,4.7,,,titleist.svg,,,,
,6S,Titleist,,,,,,ドライバー,6S,58.5,8,58.5,65,-,3.5,,中調子,,,titleist.svg,,,,
,TOUR AD IZ (プレミアム),Titleist,,,,,,ドライバー,TOUR AD IZ (プレミアム),8,5S,8,307,58.5,56,,4.4,,,titleist.svg,,,,
,6S,Titleist,,,,,,ドライバー,6S,58.5,8,58.5,63,-,3.2,,中調子,,,titleist.svg,,,,
,TENSEI AV BLUE 55,Titleist,,,,,,ドライバー,TENSEI AV BLUE 55,8,S,8,371,58.5,58,,4.9,,,titleist.svg,,,,
,1W,Titleist,,,,,,ドライバー,1W,S,TSP111 50 (オリジナル),S,45.5,9,304,,54,,,titleist.svg,,,,
,TSP310 60 (オリジナル),Titleist,,,,,,ドライバー,TSP310 60 (オリジナル),9,S,9,311,58.5,59,,5.5,,,titleist.svg,,,,
,TOUR AD DI (プレミアム),Titleist,,,,,,ドライバー,TOUR AD DI (プレミアム),9,5S,9,308,58.5,57,,4.7,,,titleist.svg,,,,
,6S,Titleist,,,,,,ドライバー,6S,58.5,9,58.5,65,-,3.5,,中調子,,,titleist.svg,,,,
,TOUR AD IZ (プレミアム),Titleist,,,,,,ドライバー,TOUR AD IZ (プレミアム),9,5S,9,307,58.5,56,,4.4,,,titleist.svg,,,,
,6S,Titleist,,,,,,ドライバー,6S,58.5,9,58.5,63,-,3.2,,中調子,,,titleist.svg,,,,
,TENSEI AV BLUE 55,Titleist,,,,,,ドライバー,TENSEI AV BLUE 55,9,S,9,371,58.5,58,,4.9,,,titleist.svg,,,,
,1W,Titleist,,,,,,ドライバー,1W,S,TSP111 50 (オリジナル),S,45.5,10,304,,54,,,titleist.svg,,,,
,TSP310 60 (オリジナル),Titleist,,,,,,ドライバー,TSP310 60 (オリジナル),10,S,10,311,58.5,59,,5.5,,,titleist.svg,,,,
,TOUR AD DI (プレミアム),Titleist,,,,,,ドライバー,TOUR AD DI (プレミアム),10,5S,10,308,58.5,57,,4.7,,,titleist.svg,,,,
,6S,Titleist,,,,,,ドライバー,6S,58.5,10,58.5,65,-,3.5,,中調子,,,titleist.svg,,,,
,TOUR AD IZ (プレミアム),Titleist,,,,,,ドライバー,TOUR AD IZ (プレミアム),10,5S,10,307,58.5,56,,4.4,,,titleist.svg,,,,
,6S,Titleist,,,,,,ドライバー,6S,58.5,10,58.5,63,-,3.2,,中調子,,,titleist.svg,,,,
,TENSEI AV BLUE 55,Titleist,,,,,,ドライバー,TENSEI AV BLUE 55,10,S,10,371,58.5,58,,4.9,,,titleist.svg,,,,
,タイトリスト,Titleist,2022,,,,,ドライバー,タイトリスト,ドライバー,タイトリスト,ドライバー,スペックを見る »,SLEルール： 適合,このクラブの価格はこちら »,,1W,,,titleist.svg,2022年09月,https://golfnavi.infohttps://golfnavi.info?p=20275,,
,タイトリスト,Titleist,,,,,,ドライバー,タイトリスト,SLEルール： 適合,ドライバー,SLEルール： 適合,,,,,,,,titleist.svg,,,,
,,Titleist,,,,,,ドライバー,,発売時期：2022年09月,"TSR4 ドライバー





発売時期：2022年09月

スペックを見る »



このクラブの価格はこちら »",発売時期：2022年09月,,スペックを見る »,,,,,,titleist.svg,,,,
,発売時期：2022年09月,Titleist,2022,,,,,ドライバー,発売時期：2022年09月,,スペックを見る »,,,,,,,,,titleist.svg,2022年09月,,,
,このクラブの価格はこちら »,Titleist,,,,,,ドライバー,このクラブの価格はこちら »,,,,,,,,,,,titleist.svg,,https://golfnavi.infohttps://golfnavi.info/price/20275,,
,TOUR AD DI (プレミアム),Titleist,,,,,,ドライバー,TOUR AD DI (プレミアム),8,6S,8,319,58.5,65,,3.3,,,titleist.svg,,,,
,1W,Titleist,,,,,,ドライバー,1W,S,TSP311 65 (オリジナル),S,45.5,9,318,,64,,,titleist.svg,,,,
,TOUR AD DI (プレミアム),Titleist,,,,,,ドライバー,TOUR AD DI (プレミアム),9,6S,9,319,58.5,65,,3.3,,,titleist.svg,,,,
,1W,Titleist,,,,,,ドライバー,1W,S,TSP311 65 (オリジナル),S,45.5,10,318,,64,,,titleist.svg,,,,
,TOUR AD DI (プレミアム),Titleist,,,,,,ドライバー,TOUR AD DI (プレミアム),10,6S,10,319,58.5,65,,3.3,,,titleist.svg,,,,
,タイトリスト,Titleist,2021,,,,,ドライバー,タイトリスト,ドライバー,タイトリスト,ドライバー,スペックを見る »,SLEルール： 適合,このクラブの価格はこちら »,,1W,,,titleist.svg,2021年03月,https://golfnavi.infohttps://golfnavi.info?p=18939,,
,タイトリスト,Titleist,,,,,,ドライバー,タイトリスト,SLEルール： 適合,ドライバー,SLEルール： 適合,,,,,,,,titleist.svg,,,,
,,Titleist,,,,,,ドライバー,,発売時期：2021年03月,"TSi1 ドライバー





発売時期：2021年03月

スペックを見る »



このクラブの価格はこちら »",発売時期：2021年03月,,スペックを見る »,,,,,,titleist.svg,,,,
,発売時期：2021年03月,Titleist,2021,,,,,ドライバー,発売時期：2021年03月,,スペックを見る »,,,,,,,,,titleist.svg,2021年03月,,,
,このクラブの価格はこちら »,Titleist,,,,,,ドライバー,このクラブの価格はこちら »,,,,,,,,,,,titleist.svg,,https://golfnavi.infohttps://golfnavi.info/price/18939,,
,SR,Titleist,,,,,,ドライバー,SR,59,9,59,46.5,-,5.8,,中調子,,,titleist.svg,,,,
,S,Titleist,,,,,,ドライバー,S,59,9,59,48.5,-,5.7,,中調子,,,titleist.svg,,,,
,TSP013 40,Titleist,,,,,,ドライバー,TSP013 40,9,L,9,261,59,42,,6.6,,,titleist.svg,,,,
,1W,Titleist,,,,,,ドライバー,1W,R,TSP013 45,R,45.75,10,269,,44.5,,,titleist.svg,,,,
,SR,Titleist,,,,,,ドライバー,SR,59,10,59,46.5,-,5.8,,中調子,,,titleist.svg,,,,
,S,Titleist,,,,,,ドライバー,S,59,10,59,48.5,-,5.7,,中調子,,,titleist.svg,,,,
,TSP013 40,Titleist,,,,,,ドライバー,TSP013 40,10,L,10,261,59,42,,6.6,,,titleist.svg,,,,
,1W,Titleist,,,,,,ドライバー,1W,R,TSP013 45,R,45.75,12,269,,44.5,,,titleist.svg,,,,
,SR,Titleist,,,,,,ドライバー,SR,59,12,59,46.5,-,5.8,,中調子,,,titleist.svg,,,,
,S,Titleist,,,,,,ドライバー,S,59,12,59,48.5,-,5.7,,中調子,,,titleist.svg,,,,
,TSP013 40,Titleist,,,,,,ドライバー,TSP013 40,12,L,12,261,59,42,,6.6,,,titleist.svg,,,,
,タイトリスト,Titleist,2021,,,,,ドライバー,タイトリスト,ドライバー,タイトリスト,ドライバー,スペックを見る »,SLEルール： 適合,このクラブの価格はこちら »,,1W,,,titleist.svg,2021年03月,https://golfnavi.infohttps://golfnavi.info?p=18940,,
,タイトリスト,Titleist,,,,,,ドライバー,タイトリスト,SLEルール： 適合,ドライバー,SLEルール： 適合,,,,,,,,titleist.svg,,,,
,,Titleist,,,,,,ドライバー,,発売時期：2021年03月,"TSi4 ドライバー





発売時期：2021年03月

スペックを見る »



このクラブの価格はこちら »",発売時期：2021年03月,,スペックを見る »,,,,,,titleist.svg,,,,
,発売時期：2021年03月,Titleist,2021,,,,,ドライバー,発売時期：2021年03月,,スペックを見る »,,,,,,,,,titleist.svg,2021年03月,,,
,このクラブの価格はこちら »,Titleist,,,,,,ドライバー,このクラブの価格はこちら »,,,,,,,,,,,titleist.svg,,https://golfnavi.infohttps://golfnavi.info/price/18940,,
,1W,Titleist,,,,,,ドライバー,1W,-,-,-,-,9,-,,-,,,titleist.svg,,,,
,1W,Titleist,,,,,,ドライバー,1W,-,-,-,-,10,-,,-,,,titleist.svg,,,,
,タイトリスト,Titleist,2020,,,,,ドライバー,タイトリスト,ドライバー,タイトリスト,ドライバー,スペックを見る »,SLEルール： 適合,このクラブの価格はこちら »,,1W,,,titleist.svg,2020年11月,https://golfnavi.infohttps://golfnavi.info?p=18546,,
,タイトリスト,Titleist,,,,,,ドライバー,タイトリスト,SLEルール： 適合,ドライバー,SLEルール： 適合,,,,,,,,titleist.svg,,,,
,,Titleist,,,,,,ドライバー,,発売時期：2020年11月,"TSi2 ドライバー





発売時期：2020年11月

スペックを見る »



このクラブの価格はこちら »",発売時期：2020年11月,,スペックを見る »,,,,,,titleist.svg,,,,
,発売時期：2020年11月,Titleist,2020,,,,,ドライバー,発売時期：2020年11月,,スペックを見る »,,,,,,,,,titleist.svg,2020年11月,,,
,このクラブの価格はこちら »,Titleist,,,,,,ドライバー,このクラブの価格はこちら »,,,,,,,,,,,titleist.svg,,https://golfnavi.infohttps://golfnavi.info/price/18546,,
,S,Titleist,,,,,,ドライバー,S,58.5,9,58.5,46,-,5.8,,中調子,,,titleist.svg,,,,
,Tour-S,Titleist,,,,,,ドライバー,Tour-S,58.5,9,58.5,48,-,5.7,,中調子,,,titleist.svg,,,,
,TSP322 55,Titleist,,,,,,ドライバー,TSP322 55,9,SR,9,310,58.5,54,,5.4,,,titleist.svg,,,,
,S,Titleist,,,,,,ドライバー,S,58.5,9,58.5,56,-,5.3,,中元調子,,,titleist.svg,,,,
,Tour-S,Titleist,,,,,,ドライバー,Tour-S,58.5,9,58.5,58,-,5.1,,中元調子,,,titleist.svg,,,,
,Tour AD DI 5 (プレミアムシャフトオプション),Titleist,,,,,,ドライバー,Tour AD DI 5 (プレミアムシャフトオプション),9,S,9,311,58.5,57,,4.7,,,titleist.svg,,,,
,Tour AD DI 6 (プレミアムシャフトオプション),Titleist,,,,,,ドライバー,Tour AD DI 6 (プレミアムシャフトオプション),9,S,9,319,58.5,65,,3.3,,,titleist.svg,,,,
,1W,Titleist,,,,,,ドライバー,1W,SR,TSP110 50,SR,45.5,10,299,,44,,,titleist.svg,,,,
,S,Titleist,,,,,,ドライバー,S,58.5,10,58.5,46,-,5.8,,中調子,,,titleist.svg,,,,
,Tour-S,Titleist,,,,,,ドライバー,Tour-S,58.5,10,58.5,48,-,5.7,,中調子,,,titleist.svg,,,,
,TSP322 55,Titleist,,,,,,ドライバー,TSP322 55,10,SR,10,310,58.5,54,,5.4,,,titleist.svg,,,,
,S,Titleist,,,,,,ドライバー,S,58.5,10,58.5,56,-,5.3,,中元調子,,,titleist.svg,,,,
,Tour-S,Titleist,,,,,,ドライバー,Tour-S,58.5,10,58.5,58,-,5.1,,中元調子,,,titleist.svg,,,,
,Tour AD DI 5 (プレミアムシャフトオプション),Titleist,,,,,,ドライバー,Tour AD DI 5 (プレミアムシャフトオプション),10,S,10,311,58.5,57,,4.7,,,titleist.svg,,,,
,Tour AD DI 6 (プレミアムシャフトオプション),Titleist,,,,,,ドライバー,Tour AD DI 6 (プレミアムシャフトオプション),10,S,10,319,58.5,65,,3.3,,,titleist.svg,,,,
,1W,Titleist,,,,,,ドライバー,1W,SR,TSP110 50,SR,45.5,11,299,,44,,,titleist.svg,,,,
,S,Titleist,,,,,,ドライバー,S,58.5,11,58.5,46,-,5.8,,中調子,,,titleist.svg,,,,
,Tour-S,Titleist,,,,,,ドライバー,Tour-S,58.5,11,58.5,48,-,5.7,,中調子,,,titleist.svg,,,,
,TSP322 55,Titleist,,,,,,ドライバー,TSP322 55,11,SR,11,310,58.5,54,,5.4,,,titleist.svg,,,,
,S,Titleist,,,,,,ドライバー,S,58.5,11,58.5,56,-,5.3,,中元調子,,,titleist.svg,,,,
,Tour-S,Titleist,,,,,,ドライバー,Tour-S,58.5,11,58.5,58,-,5.1,,中元調子,,,titleist.svg,,,,
,Tour AD DI 5 (プレミアムシャフトオプション),Titleist,,,,,,ドライバー,Tour AD DI 5 (プレミアムシャフトオプション),11,S,11,311,58.5,57,,4.7,,,titleist.svg,,,,
,Tour AD DI 6 (プレミアムシャフトオプション),Titleist,,,,,,ドライバー,Tour AD DI 6 (プレミアムシャフトオプション),11,S,11,319,58.5,65,,3.3,,,titleist.svg,,,,
,タイトリスト,Titleist,2020,,,,,ドライバー,タイトリスト,ドライバー,タイトリスト,ドライバー,スペックを見る »,SLEルール： 適合,このクラブの価格はこちら »,,1W,,,titleist.svg,2020年11月,https://golfnavi.infohttps://golfnavi.info?p=18547,,
,タイトリスト,Titleist,,,,,,ドライバー,タイトリスト,SLEルール： 適合,ドライバー,SLEルール： 適合,,,,,,,,titleist.svg,,,,
,,Titleist,,,,,,ドライバー,,発売時期：2020年11月,"TSi3 ドライバー





発売時期：2020年11月

スペックを見る »



このクラブの価格はこちら »",発売時期：2020年11月,,スペックを見る »,,,,,,titleist.svg,,,,
,発売時期：2020年11月,Titleist,2020,,,,,ドライバー,発売時期：2020年11月,,スペックを見る »,,,,,,,,,titleist.svg,2020年11月,,,
,このクラブの価格はこちら »,Titleist,,,,,,ドライバー,このクラブの価格はこちら »,,,,,,,,,,,titleist.svg,,https://golfnavi.infohttps://golfnavi.info/price/18547,,
,S,Titleist,,,,,,ドライバー,S,58.5,8,58.5,46,-,5.8,,中調子,,,titleist.svg,,,,
,Tour-S,Titleist,,,,,,ドライバー,Tour-S,58.5,8,58.5,48,-,5.7,,中調子,,,titleist.svg,,,,
,TSP322 55,Titleist,,,,,,ドライバー,TSP322 55,8,SR,8,311,58.5,54,,5.4,,,titleist.svg,,,,
,S,Titleist,,,,,,ドライバー,S,58.5,8,58.5,56,-,5.3,,中元調子,,,titleist.svg,,,,
,Tour-S,Titleist,,,,,,ドライバー,Tour-S,58.5,8,58.5,58,-,5.1,,中元調子,,,titleist.svg,,,,
,Tour AD DI 5 (プレミアムシャフトオプション),Titleist,,,,,,ドライバー,Tour AD DI 5 (プレミアムシャフトオプション),8,S,8,311,58.5,57,,4.7,,,titleist.svg,,,,
,Tour AD DI 6 (プレミアムシャフトオプション),Titleist,,,,,,ドライバー,Tour AD DI 6 (プレミアムシャフトオプション),8,S,8,319,58.5,65,,3.3,,,titleist.svg,,,,
,1W,Titleist,,,,,,ドライバー,1W,SR,TSP110 50,SR,45.5,9,299,,44,,,titleist.svg,,,,
,S,Titleist,,,,,,ドライバー,S,58.5,9,58.5,46,-,5.8,,中調子,,,titleist.svg,,,,
,Tour-S,Titleist,,,,,,ドライバー,Tour-S,58.5,9,58.5,48,-,5.7,,中調子,,,titleist.svg,,,,
,TSP322 55,Titleist,,,,,,ドライバー,TSP322 55,9,SR,9,311,58.5,54,,5.4,,,titleist.svg,,,,
,S,Titleist,,,,,,ドライバー,S,58.5,9,58.5,56,-,5.3,,中元調子,,,titleist.svg,,,,
,Tour-S,Titleist,,,,,,ドライバー,Tour-S,58.5,9,58.5,58,-,5.1,,中元調子,,,titleist.svg,,,,
,Tour AD DI 5 (プレミアムシャフトオプション),Titleist,,,,,,ドライバー,Tour AD DI 5 (プレミアムシャフトオプション),9,S,9,311,58.5,57,,4.7,,,titleist.svg,,,,
,Tour AD DI 6 (プレミアムシャフトオプション),Titleist,,,,,,ドライバー,Tour AD DI 6 (プレミアムシャフトオプション),9,S,9,319,58.5,65,,3.3,,,titleist.svg,,,,
,1W,Titleist,,,,,,ドライバー,1W,SR,TSP110 50,SR,45.5,10,299,,44,,,titleist.svg,,,,
,S,Titleist,,,,,,ドライバー,S,58.5,10,58.5,46,-,5.8,,中調子,,,titleist.svg,,,,
,Tour-S,Titleist,,,,,,ドライバー,Tour-S,58.5,10,58.5,48,-,5.7,,中調子,,,titleist.svg,,,,
,TSP322 55,Titleist,,,,,,ドライバー,TSP322 55,10,SR,10,311,58.5,54,,5.4,,,titleist.svg,,,,
,S,Titleist,,,,,,ドライバー,S,58.5,10,58.5,56,-,5.3,,中元調子,,,titleist.svg,,,,
,Tour-S,Titleist,,,,,,ドライバー,Tour-S,58.5,10,58.5,58,-,5.1,,中元調子,,,titleist.svg,,,,
,Tour AD DI 5 (プレミアムシャフトオプション),Titleist,,,,,,ドライバー,Tour AD DI 5 (プレミアムシャフトオプション),10,S,10,311,58.5,57,,4.7,,,titleist.svg,,,,
,Tour AD DI 6 (プレミアムシャフトオプション),Titleist,,,,,,ドライバー,Tour AD DI 6 (プレミアムシャフトオプション),10,S,10,319,58.5,65,,3.3,,,titleist.svg,,,,
,タイトリスト,Titleist,2019,,,,,ドライバー,タイトリスト,ドライバー,タイトリスト,ドライバー,スペックを見る »,SLEルール： 適合,このクラブの価格はこちら »,,1W,,,titleist.svg,2019年07月,https://golfnavi.infohttps://golfnavi.info?p=17164,,
,タイトリスト,Titleist,,,,,,ドライバー,タイトリスト,SLEルール： 適合,ドライバー,SLEルール： 適合,,,,,,,,titleist.svg,,,,
,,Titleist,,,,,,ドライバー,,発売時期：2019年07月,"TS1 ドライバー





発売時期：2019年07月

スペックを見る »



このクラブの価格はこちら »",発売時期：2019年07月,,スペックを見る »,,,,,,titleist.svg,,,,
,発売時期：2019年07月,Titleist,2019,,,,,ドライバー,発売時期：2019年07月,,スペックを見る »,,,,,,,,,titleist.svg,2019年07月,,,
,このクラブの価格はこちら »,Titleist,,,,,,ドライバー,このクラブの価格はこちら »,,,,,,,,,,,titleist.svg,,https://golfnavi.infohttps://golfnavi.info/price/17164,,
,SR,Titleist,,,,,,ドライバー,SR,59.5,9.5,59.5,48,-,5.6,,先中調子,,,titleist.svg,,,,
,S,Titleist,,,,,,ドライバー,S,59.5,9.5,59.5,50,-,5.5,,先中調子,,,titleist.svg,,,,
,Titleist AiR Speeder,Titleist,,,,,,ドライバー,Titleist AiR Speeder,9.5,R,9.5,-,59.5,43,,5,,,titleist.svg,,,,
,SR,Titleist,,,,,,ドライバー,SR,59.5,9.5,59.5,45,-,4.8,,先中調子,,,titleist.svg,,,,
,1W,Titleist,,,,,,ドライバー,1W,R,Titleist Diamana 50,R,45.75,10.5,-,,46,,,titleist.svg,,,,
,SR,Titleist,,,,,,ドライバー,SR,59.5,10.5,59.5,48,-,5.6,,先中調子,,,titleist.svg,,,,
,S,Titleist,,,,,,ドライバー,S,59.5,10.5,59.5,50,-,5.5,,先中調子,,,titleist.svg,,,,
,Titleist AiR Speeder,Titleist,,,,,,ドライバー,Titleist AiR Speeder,10.5,R,10.5,-,59.5,43,,5,,,titleist.svg,,,,
,SR,Titleist,,,,,,ドライバー,SR,59.5,10.5,59.5,45,-,4.8,,先中調子,,,titleist.svg,,,,
,1W,Titleist,,,,,,ドライバー,1W,R,Titleist Diamana 50,R,45.75,12.5,-,,46,,,titleist.svg,,,,
,SR,Titleist,,,,,,ドライバー,SR,59.5,12.5,59.5,48,-,5.6,,先中調子,,,titleist.svg,,,,
,S,Titleist,,,,,,ドライバー,S,59.5,12.5,59.5,50,-,5.5,,先中調子,,,titleist.svg,,,,
,Titleist AiR Speeder,Titleist,,,,,,ドライバー,Titleist AiR Speeder,12.5,R,12.5,-,59.5,43,,5,,,titleist.svg,,,,
,SR,Titleist,,,,,,ドライバー,SR,59.5,12.5,59.5,45,-,4.8,,先中調子,,,titleist.svg,,,,
,タイトリスト,Titleist,2019,,,,,ドライバー,タイトリスト,ドライバー,タイトリスト,ドライバー,スペックを見る »,SLEルール： 適合,このクラブの価格はこちら »,,1W,,,titleist.svg,2019年07月,https://golfnavi.infohttps://golfnavi.info?p=17165,,
,タイトリスト,Titleist,,,,,,ドライバー,タイトリスト,SLEルール： 適合,ドライバー,SLEルール： 適合,,,,,,,,titleist.svg,,,,
,,Titleist,,,,,,ドライバー,,発売時期：2019年07月,"TS4 ドライバー





発売時期：2019年07月

スペックを見る »



このクラブの価格はこちら »",発売時期：2019年07月,,スペックを見る »,,,,,,titleist.svg,,,,
,発売時期：2019年07月,Titleist,2019,,,,,ドライバー,発売時期：2019年07月,,スペックを見る »,,,,,,,,,titleist.svg,2019年07月,,,
,このクラブの価格はこちら »,Titleist,,,,,,ドライバー,このクラブの価格はこちら »,,,,,,,,,,,titleist.svg,,https://golfnavi.infohttps://golfnavi.info/price/17165,,
,1W,Titleist,,,,,,ドライバー,1W,-,-,-,-,9.5,-,,-,,,titleist.svg,,,,
,1W,Titleist,,,,,,ドライバー,1W,-,-,-,-,10.5,-,,-,,,titleist.svg,,,,
,タイトリスト,Titleist,2018,,,,,ドライバー,タイトリスト,ドライバー,タイトリスト,ドライバー,スペックを見る »,SLEルール： 適合,このクラブの価格はこちら »,,1W(カスタムモデル),,,titleist.svg,2018年09月,https://golfnavi.infohttps://golfnavi.info?p=16436,,
,タイトリスト,Titleist,,,,,,ドライバー,タイトリスト,SLEルール： 適合,ドライバー,SLEルール： 適合,,,,,,,,titleist.svg,,,,
,,Titleist,,,,,,ドライバー,,発売時期：2018年09月,"TS2 ドライバー





発売時期：2018年09月

スペックを見る »



このクラブの価格はこちら »",発売時期：2018年09月,,スペックを見る »,,,,,,titleist.svg,,,,
,発売時期：2018年09月,Titleist,2018,,,,,ドライバー,発売時期：2018年09月,,スペックを見る »,,,,,,,,,titleist.svg,2018年09月,,,
,このクラブの価格はこちら »,Titleist,,,,,,ドライバー,このクラブの価格はこちら »,,,,,,,,,,,titleist.svg,,https://golfnavi.infohttps://golfnavi.info/price/16436,,
,SR,Titleist,,,,,,ドライバー,SR,58.5,8.5,58.5,50,-,4.8,,先中調子,,,titleist.svg,,,,
,S,Titleist,,,,,,ドライバー,S,58.5,8.5,58.5,52,-,4.6,,先中調子,,,titleist.svg,,,,
,Titleist KURO KAGE 50,Titleist,,,,,,ドライバー,Titleist KURO KAGE 50,8.5,SR,8.5,300,58.5,48,,5.2,,,titleist.svg,,,,
,S,Titleist,,,,,,ドライバー,S,58.5,8.5,58.5,50,-,5,,中調子,,,titleist.svg,,,,
,Tour AD VR-6,Titleist,,,,,,ドライバー,Tour AD VR-6,8.5,S,8.5,314,58.5,65,,3.2,,,titleist.svg,,,,
,Speeder 661 EVOLUTION V,Titleist,,,,,,ドライバー,Speeder 661 EVOLUTION V,8.5,S,8.5,313,58.5,66,,3.7,,,titleist.svg,,,,
,1W,Titleist,,,,,,ドライバー,1W,R,Titleist Speeder 519 EVOLUTION,R,45.5,9.5,300,,48,,,titleist.svg,,,,
,SR,Titleist,,,,,,ドライバー,SR,58.5,9.5,58.5,50,-,4.8,,先中調子,,,titleist.svg,,,,
,S,Titleist,,,,,,ドライバー,S,58.5,9.5,58.5,52,-,4.6,,先中調子,,,titleist.svg,,,,
,Titleist KURO KAGE 50,Titleist,,,,,,ドライバー,Titleist KURO KAGE 50,9.5,SR,9.5,300,58.5,48,,5.2,,,titleist.svg,,,,
,S,Titleist,,,,,,ドライバー,S,58.5,9.5,58.5,50,-,5,,中調子,,,titleist.svg,,,,
,Tour AD VR-6,Titleist,,,,,,ドライバー,Tour AD VR-6,9.5,S,9.5,314,58.5,65,,3.2,,,titleist.svg,,,,
,Speeder 661 EVOLUTION V,Titleist,,,,,,ドライバー,Speeder 661 EVOLUTION V,9.5,S,9.5,313,58.5,66,,3.7,,,titleist.svg,,,,
,1W,Titleist,,,,,,ドライバー,1W,R,Titleist Speeder 519 EVOLUTION,R,45.5,10.5,300,,48,,,titleist.svg,,,,
,SR,Titleist,,,,,,ドライバー,SR,58.5,10.5,58.5,50,-,4.8,,先中調子,,,titleist.svg,,,,
,S,Titleist,,,,,,ドライバー,S,58.5,10.5,58.5,52,-,4.6,,先中調子,,,titleist.svg,,,,
,Titleist KURO KAGE 50,Titleist,,,,,,ドライバー,Titleist KURO KAGE 50,10.5,SR,10.5,300,58.5,48,,5.2,,,titleist.svg,,,,
,S,Titleist,,,,,,ドライバー,S,58.5,10.5,58.5,50,-,5,,中調子,,,titleist.svg,,,,
,Tour AD VR-6,Titleist,,,,,,ドライバー,Tour AD VR-6,10.5,S,10.5,314,58.5,65,,3.2,,,titleist.svg,,,,
,Speeder 661 EVOLUTION V,Titleist,,,,,,ドライバー,Speeder 661 EVOLUTION V,10.5,S,10.5,313,58.5,66,,3.7,,,titleist.svg,,,,
,タイトリスト,Titleist,2018,,,,,ドライバー,タイトリスト,ドライバー,タイトリスト,ドライバー,スペックを見る »,SLEルール： 適合,このクラブの価格はこちら »,,1W(カスタムモデル),,,titleist.svg,2018年09月,https://golfnavi.infohttps://golfnavi.info?p=16437,,
,タイトリスト,Titleist,,,,,,ドライバー,タイトリスト,SLEルール： 適合,ドライバー,SLEルール： 適合,,,,,,,,titleist.svg,,,,
,,Titleist,,,,,,ドライバー,,発売時期：2018年09月,"TS3 ドライバー





発売時期：2018年09月

スペックを見る »



このクラブの価格はこちら »",発売時期：2018年09月,,スペックを見る »,,,,,,titleist.svg,,,,
,発売時期：2018年09月,Titleist,2018,,,,,ドライバー,発売時期：2018年09月,,スペックを見る »,,,,,,,,,titleist.svg,2018年09月,,,
,このクラブの価格はこちら »,Titleist,,,,,,ドライバー,このクラブの価格はこちら »,,,,,,,,,,,titleist.svg,,https://golfnavi.infohttps://golfnavi.info/price/16437,,
,S,Titleist,,,,,,ドライバー,S,58.5,8.5,58.5,60,-,3.9,,中調子,,,titleist.svg,,,,
,Tour AD VR-6,Titleist,,,,,,ドライバー,Tour AD VR-6,8.5,S,8.5,315,58.5,65,,3.2,,,titleist.svg,,,,
,Speeder 661 EVOLUTION V,Titleist,,,,,,ドライバー,Speeder 661 EVOLUTION V,8.5,S,8.5,314,58.5,66,,3.7,,,titleist.svg,,,,
,1W,Titleist,,,,,,ドライバー,1W,SR,Titleist Tour AD 60,SR,45,9.5,310,,58,,,titleist.svg,,,,
,S,Titleist,,,,,,ドライバー,S,58.5,9.5,58.5,60,-,3.9,,中調子,,,titleist.svg,,,,
,Tour AD VR-6,Titleist,,,,,,ドライバー,Tour AD VR-6,9.5,S,9.5,315,58.5,65,,3.2,,,titleist.svg,,,,
,Speeder 661 EVOLUTION V,Titleist,,,,,,ドライバー,Speeder 661 EVOLUTION V,9.5,S,9.5,314,58.5,66,,3.7,,,titleist.svg,,,,
,1W,Titleist,,,,,,ドライバー,1W,SR,Titleist Tour AD 60,SR,45,10.5,310,,58,,,titleist.svg,,,,
,S,Titleist,,,,,,ドライバー,S,58.5,10.5,58.5,60,-,3.9,,中調子,,,titleist.svg,,,,
,Tour AD VR-6,Titleist,,,,,,ドライバー,Tour AD VR-6,10.5,S,10.5,315,58.5,65,,3.2,,,titleist.svg,,,,
,Speeder 661 EVOLUTION V,Titleist,,,,,,ドライバー,Speeder 661 EVOLUTION V,10.5,S,10.5,314,58.5,66,,3.7,,,titleist.svg,,,,
,タイトリスト,Titleist,2017,,,,,ドライバー,タイトリスト,ドライバー,タイトリスト,ドライバー,スペックを見る »,SLEルール： 適合,このクラブの価格はこちら »,,1W,,,titleist.svg,2017年12月,https://golfnavi.infohttps://golfnavi.info?p=15505,,
,タイトリスト,Titleist,,,,,,ドライバー,タイトリスト,SLEルール： 適合,ドライバー,SLEルール： 適合,,,,,,,,titleist.svg,,,,
,,Titleist,,,,,,ドライバー,,発売時期：2017年12月,"VG3 ドライバー 2018





発売時期：2017年12月

スペックを見る »



このクラブの価格はこちら »",発売時期：2017年12月,,スペックを見る »,,,,,,titleist.svg,,,,
,発売時期：2017年12月,Titleist,2017,,,,,ドライバー,発売時期：2017年12月,,スペックを見る »,,,,,,,,,titleist.svg,2017年12月,,,
,このクラブの価格はこちら »,Titleist,,,,,,ドライバー,このクラブの価格はこちら »,,,,,,,,,,,titleist.svg,,https://golfnavi.infohttps://golfnavi.info/price/15505,,
,SR,Titleist,,,,,,ドライバー,SR,59.5,9.5,59.5,48,-,4.6,,先中調子,,,titleist.svg,,,,
,S,Titleist,,,,,,ドライバー,S,59.5,9.5,59.5,50,-,4.5,,先中調子,,,titleist.svg,,,,
,タイトリストVG60 (三菱ケミカル社製),Titleist,,,,,,ドライバー,タイトリストVG60 (三菱ケミカル社製),9.5,SR,9.5,-,59.5,58,,3.6,,,titleist.svg,,,,
,S,Titleist,,,,,,ドライバー,S,59.5,9.5,59.5,60,-,3.5,,中調子,,,titleist.svg,,,,
,Tour AD IZ-5 (グラファイトデザイン社製),Titleist,,,,,,ドライバー,Tour AD IZ-5 (グラファイトデザイン社製),9.5,S,9.5,282,59.5,56,,4.4,,,titleist.svg,,,,
,Speeder 569 EVOLUTION IV (フジクラ社製),Titleist,,,,,,ドライバー,Speeder 569 EVOLUTION IV (フジクラ社製),9.5,S,9.5,283,59.5,59,,4.6,,,titleist.svg,,,,
,1W,Titleist,,,,,,ドライバー,1W,R,タイトリスト VG50 (三菱ケミカル社製),R,46,10.5,-,,46,,,titleist.svg,,,,
,SR,Titleist,,,,,,ドライバー,SR,59.5,10.5,59.5,48,-,4.6,,先中調子,,,titleist.svg,,,,
,S,Titleist,,,,,,ドライバー,S,59.5,10.5,59.5,50,-,4.5,,先中調子,,,titleist.svg,,,,
,タイトリストVG60 (三菱ケミカル社製),Titleist,,,,,,ドライバー,タイトリストVG60 (三菱ケミカル社製),10.5,SR,10.5,-,59.5,58,,3.6,,,titleist.svg,,,,
,S,Titleist,,,,,,ドライバー,S,59.5,10.5,59.5,60,-,3.5,,中調子,,,titleist.svg,,,,
,Tour AD IZ-5 (グラファイトデザイン社製),Titleist,,,,,,ドライバー,Tour AD IZ-5 (グラファイトデザイン社製),10.5,S,10.5,282,59.5,56,,4.4,,,titleist.svg,,,,
,Speeder 569 EVOLUTION IV (フジクラ社製),Titleist,,,,,,ドライバー,Speeder 569 EVOLUTION IV (フジクラ社製),10.5,S,10.5,283,59.5,59,,4.6,,,titleist.svg,,,,
,タイトリスト,Titleist,2016,,,,,ドライバー,タイトリスト,ドライバー,タイトリスト,ドライバー,スペックを見る »,SLEルール： 適合,このクラブの価格はこちら »,,1W,,,titleist.svg,2016年10月,https://golfnavi.infohttps://golfnavi.info?p=14131,,
,タイトリスト,Titleist,,,,,,ドライバー,タイトリスト,SLEルール： 適合,ドライバー,SLEルール： 適合,,,,,,,,titleist.svg,,,,
,,Titleist,,,,,,ドライバー,,発売時期：2016年10月,"917D2 ドライバー





発売時期：2016年10月

スペックを見る »



このクラブの価格はこちら »",発売時期：2016年10月,,スペックを見る »,,,,,,titleist.svg,,,,
,発売時期：2016年10月,Titleist,2016,,,,,ドライバー,発売時期：2016年10月,,スペックを見る »,,,,,,,,,titleist.svg,2016年10月,,,
,このクラブの価格はこちら »,Titleist,,,,,,ドライバー,このクラブの価格はこちら »,,,,,,,,,,,titleist.svg,,https://golfnavi.infohttps://golfnavi.info/price/14131,,
,SR,Titleist,,,,,,ドライバー,SR,58.5,8.5,58.5,51,-,4.8,,先中調子,,,titleist.svg,,,,
,S,Titleist,,,,,,ドライバー,S,58.5,8.5,58.5,54,-,4.6,,先中調子,,,titleist.svg,,,,
,Diamana BF SERIES 50,Titleist,,,,,,ドライバー,Diamana BF SERIES 50,8.5,S,8.5,313,58.5,57.5,,5,,,titleist.svg,,,,
,Diamana BF SERIES 60,Titleist,,,,,,ドライバー,Diamana BF SERIES 60,8.5,S,8.5,320,58.5,65.5,,3.9,,,titleist.svg,,,,
,Diamana BF SERIES 70,Titleist,,,,,,ドライバー,Diamana BF SERIES 70,8.5,S,8.5,328,58.5,73.5,,3.4,,,titleist.svg,,,,
,Speeder EVOLUTION III SERIES 569,Titleist,,,,,,ドライバー,Speeder EVOLUTION III SERIES 569,8.5,S,8.5,313,58.5,59,,4.4,,,titleist.svg,,,,
,Speeder EVOLUTION III SERIES 661,Titleist,,,,,,ドライバー,Speeder EVOLUTION III SERIES 661,8.5,S,8.5,319,58.5,66.5,,3.7,,,titleist.svg,,,,
,Speeder EVOLUTION III SERIES 757,Titleist,,,,,,ドライバー,Speeder EVOLUTION III SERIES 757,8.5,S,8.5,328,58.5,75.5,,3,,,titleist.svg,,,,
,Tour AD TP SERIES 5,Titleist,,,,,,ドライバー,Tour AD TP SERIES 5,8.5,S,8.5,312,58.5,57,,4.4,,,titleist.svg,,,,
,Tour AD TP SERIES 6,Titleist,,,,,,ドライバー,Tour AD TP SERIES 6,8.5,S,8.5,320,58.5,65,,3.2,,,titleist.svg,,,,
,Tour AD TP SERIES 7,Titleist,,,,,,ドライバー,Tour AD TP SERIES 7,8.5,S,8.5,328,58.5,73,,3,,,titleist.svg,,,,
,ATTAS PUNCH SERIES 5,Titleist,,,,,,ドライバー,ATTAS PUNCH SERIES 5,8.5,S,8.5,312,58.5,57,,5.3,,,titleist.svg,,,,
,ATTAS PUNCH SERIES 6,Titleist,,,,,,ドライバー,ATTAS PUNCH SERIES 6,8.5,S,8.5,321,58.5,67,,4,,,titleist.svg,,,,
,ATTAS PUNCH SERIES 7,Titleist,,,,,,ドライバー,ATTAS PUNCH SERIES 7,8.5,S,8.5,330,58.5,77,,3,,,titleist.svg,,,,
,1W,Titleist,,,,,,ドライバー,1W,R,Titleist Speeder 517,R,45.5,9.5,303,,48,,,titleist.svg,,,,
,SR,Titleist,,,,,,ドライバー,SR,58.5,9.5,58.5,51,-,4.8,,先中調子,,,titleist.svg,,,,
,S,Titleist,,,,,,ドライバー,S,58.5,9.5,58.5,54,-,4.6,,先中調子,,,titleist.svg,,,,
,Diamana BF SERIES 50,Titleist,,,,,,ドライバー,Diamana BF SERIES 50,9.5,S,9.5,313,58.5,57.5,,5,,,titleist.svg,,,,
,Diamana BF SERIES 60,Titleist,,,,,,ドライバー,Diamana BF SERIES 60,9.5,S,9.5,320,58.5,65.5,,3.9,,,titleist.svg,,,,
,Diamana BF SERIES 70,Titleist,,,,,,ドライバー,Diamana BF SERIES 70,9.5,S,9.5,328,58.5,73.5,,3.4,,,titleist.svg,,,,
,Speeder EVOLUTION III SERIES 569,Titleist,,,,,,ドライバー,Speeder EVOLUTION III SERIES 569,9.5,S,9.5,313,58.5,59,,4.4,,,titleist.svg,,,,
,Speeder EVOLUTION III SERIES 661,Titleist,,,,,,ドライバー,Speeder EVOLUTION III SERIES 661,9.5,S,9.5,319,58.5,66.5,,3.7,,,titleist.svg,,,,
,Speeder EVOLUTION III SERIES 757,Titleist,,,,,,ドライバー,Speeder EVOLUTION III SERIES 757,9.5,S,9.5,328,58.5,75.5,,3,,,titleist.svg,,,,
,Tour AD TP SERIES 5,Titleist,,,,,,ドライバー,Tour AD TP SERIES 5,9.5,S,9.5,312,58.5,57,,4.4,,,titleist.svg,,,,
,Tour AD TP SERIES 6,Titleist,,,,,,ドライバー,Tour AD TP SERIES 6,9.5,S,9.5,320,58.5,65,,3.2,,,titleist.svg,,,,
,Tour AD TP SERIES 7,Titleist,,,,,,ドライバー,Tour AD TP SERIES 7,9.5,S,9.5,328,58.5,73,,3,,,titleist.svg,,,,
,ATTAS PUNCH SERIES 5,Titleist,,,,,,ドライバー,ATTAS PUNCH SERIES 5,9.5,S,9.5,312,58.5,57,,5.3,,,titleist.svg,,,,
,ATTAS PUNCH SERIES 6,Titleist,,,,,,ドライバー,ATTAS PUNCH SERIES 6,9.5,S,9.5,321,58.5,67,,4,,,titleist.svg,,,,
,ATTAS PUNCH SERIES 7,Titleist,,,,,,ドライバー,ATTAS PUNCH SERIES 7,9.5,S,9.5,330,58.5,77,,3,,,titleist.svg,,,,
,1W,Titleist,,,,,,ドライバー,1W,R,Titleist Speeder 517,R,45.5,10.5,303,,48,,,titleist.svg,,,,
,SR,Titleist,,,,,,ドライバー,SR,58.5,10.5,58.5,51,-,4.8,,先中調子,,,titleist.svg,,,,
,S,Titleist,,,,,,ドライバー,S,58.5,10.5,58.5,54,-,4.6,,先中調子,,,titleist.svg,,,,
,Diamana BF SERIES 50,Titleist,,,,,,ドライバー,Diamana BF SERIES 50,10.5,S,10.5,313,58.5,57.5,,5,,,titleist.svg,,,,
,Diamana BF SERIES 60,Titleist,,,,,,ドライバー,Diamana BF SERIES 60,10.5,S,10.5,320,58.5,65.5,,3.9,,,titleist.svg,,,,
,Diamana BF SERIES 70,Titleist,,,,,,ドライバー,Diamana BF SERIES 70,10.5,S,10.5,328,58.5,73.5,,3.4,,,titleist.svg,,,,
,Speeder EVOLUTION III SERIES 569,Titleist,,,,,,ドライバー,Speeder EVOLUTION III SERIES 569,10.5,S,10.5,313,58.5,59,,4.4,,,titleist.svg,,,,
,Speeder EVOLUTION III SERIES 661,Titleist,,,,,,ドライバー,Speeder EVOLUTION III SERIES 661,10.5,S,10.5,319,58.5,66.5,,3.7,,,titleist.svg,,,,
,Speeder EVOLUTION III SERIES 757,Titleist,,,,,,ドライバー,Speeder EVOLUTION III SERIES 757,10.5,S,10.5,328,58.5,75.5,,3,,,titleist.svg,,,,
,Tour AD TP SERIES 5,Titleist,,,,,,ドライバー,Tour AD TP SERIES 5,10.5,S,10.5,312,58.5,57,,4.4,,,titleist.svg,,,,
,Tour AD TP SERIES 6,Titleist,,,,,,ドライバー,Tour AD TP SERIES 6,10.5,S,10.5,320,58.5,65,,3.2,,,titleist.svg,,,,
,Tour AD TP SERIES 7,Titleist,,,,,,ドライバー,Tour AD TP SERIES 7,10.5,S,10.5,328,58.5,73,,3,,,titleist.svg,,,,
,ATTAS PUNCH SERIES 5,Titleist,,,,,,ドライバー,ATTAS PUNCH SERIES 5,10.5,S,10.5,312,58.5,57,,5.3,,,titleist.svg,,,,
,ATTAS PUNCH SERIES 6,Titleist,,,,,,ドライバー,ATTAS PUNCH SERIES 6,10.5,S,10.5,321,58.5,67,,4,,,titleist.svg,,,,
,ATTAS PUNCH SERIES 7,Titleist,,,,,,ドライバー,ATTAS PUNCH SERIES 7,10.5,S,10.5,330,58.5,77,,3,,,titleist.svg,,,,
,タイトリスト,Titleist,2016,,,,,ドライバー,タイトリスト,ドライバー,タイトリスト,ドライバー,スペックを見る »,SLEルール： 適合,このクラブの価格はこちら »,,1W,,,titleist.svg,2016年10月,https://golfnavi.infohttps://golfnavi.info?p=14132,,
,タイトリスト,Titleist,,,,,,ドライバー,タイトリスト,SLEルール： 適合,ドライバー,SLEルール： 適合,,,,,,,,titleist.svg,,,,
,,Titleist,,,,,,ドライバー,,発売時期：2016年10月,"917D3 ドライバー





発売時期：2016年10月

スペックを見る »



このクラブの価格はこちら »",発売時期：2016年10月,,スペックを見る »,,,,,,titleist.svg,,,,
,発売時期：2016年10月,Titleist,2016,,,,,ドライバー,発売時期：2016年10月,,スペックを見る »,,,,,,,,,titleist.svg,2016年10月,,,
,このクラブの価格はこちら »,Titleist,,,,,,ドライバー,このクラブの価格はこちら »,,,,,,,,,,,titleist.svg,,https://golfnavi.infohttps://golfnavi.info/price/14132,,
,SR,Titleist,,,,,,ドライバー,SR,58.5,8.5,58.5,51,-,4.8,,先中調子,,,titleist.svg,,,,
,S,Titleist,,,,,,ドライバー,S,58.5,8.5,58.5,54,-,4.6,,先中調子,,,titleist.svg,,,,
,Diamana BF SERIES 50,Titleist,,,,,,ドライバー,Diamana BF SERIES 50,8.5,S,8.5,313,58.5,57.5,,5,,,titleist.svg,,,,
,Diamana BF SERIES 60,Titleist,,,,,,ドライバー,Diamana BF SERIES 60,8.5,S,8.5,320,58.5,65.5,,3.9,,,titleist.svg,,,,
,Diamana BF SERIES 70,Titleist,,,,,,ドライバー,Diamana BF SERIES 70,8.5,S,8.5,328,58.5,73.5,,3.4,,,titleist.svg,,,,
,Speeder EVOLUTION III SERIES 569,Titleist,,,,,,ドライバー,Speeder EVOLUTION III SERIES 569,8.5,S,8.5,313,58.5,59,,4.4,,,titleist.svg,,,,
,Speeder EVOLUTION III SERIES 661,Titleist,,,,,,ドライバー,Speeder EVOLUTION III SERIES 661,8.5,S,8.5,319,58.5,66.5,,3.7,,,titleist.svg,,,,
,Speeder EVOLUTION III SERIES 757,Titleist,,,,,,ドライバー,Speeder EVOLUTION III SERIES 757,8.5,S,8.5,328,58.5,75.5,,3,,,titleist.svg,,,,
,Tour AD TP SERIES 5,Titleist,,,,,,ドライバー,Tour AD TP SERIES 5,8.5,S,8.5,312,58.5,57,,4.4,,,titleist.svg,,,,
,Tour AD TP SERIES 6,Titleist,,,,,,ドライバー,Tour AD TP SERIES 6,8.5,S,8.5,320,58.5,65,,3.2,,,titleist.svg,,,,
,Tour AD TP SERIES 7,Titleist,,,,,,ドライバー,Tour AD TP SERIES 7,8.5,S,8.5,328,58.5,73,,3,,,titleist.svg,,,,
,ATTAS PUNCH SERIES 5,Titleist,,,,,,ドライバー,ATTAS PUNCH SERIES 5,8.5,S,8.5,312,58.5,57,,5.3,,,titleist.svg,,,,
,ATTAS PUNCH SERIES 6,Titleist,,,,,,ドライバー,ATTAS PUNCH SERIES 6,8.5,S,8.5,321,58.5,67,,4,,,titleist.svg,,,,
,ATTAS PUNCH SERIES 7,Titleist,,,,,,ドライバー,ATTAS PUNCH SERIES 7,8.5,S,8.5,330,58.5,77,,3,,,titleist.svg,,,,
,1W,Titleist,,,,,,ドライバー,1W,R,Titleist Speeder 517,R,45.5,9.5,303,,48,,,titleist.svg,,,,
,SR,Titleist,,,,,,ドライバー,SR,58.5,9.5,58.5,51,-,4.8,,先中調子,,,titleist.svg,,,,
,S,Titleist,,,,,,ドライバー,S,58.5,9.5,58.5,54,-,4.6,,先中調子,,,titleist.svg,,,,
,Diamana BF SERIES 50,Titleist,,,,,,ドライバー,Diamana BF SERIES 50,9.5,S,9.5,313,58.5,57.5,,5,,,titleist.svg,,,,
,Diamana BF SERIES 60,Titleist,,,,,,ドライバー,Diamana BF SERIES 60,9.5,S,9.5,320,58.5,65.5,,3.9,,,titleist.svg,,,,
,Diamana BF SERIES 70,Titleist,,,,,,ドライバー,Diamana BF SERIES 70,9.5,S,9.5,328,58.5,73.5,,3.4,,,titleist.svg,,,,
,Speeder EVOLUTION III SERIES 569,Titleist,,,,,,ドライバー,Speeder EVOLUTION III SERIES 569,9.5,S,9.5,313,58.5,59,,4.4,,,titleist.svg,,,,
,Speeder EVOLUTION III SERIES 661,Titleist,,,,,,ドライバー,Speeder EVOLUTION III SERIES 661,9.5,S,9.5,319,58.5,66.5,,3.7,,,titleist.svg,,,,
,Speeder EVOLUTION III SERIES 757,Titleist,,,,,,ドライバー,Speeder EVOLUTION III SERIES 757,9.5,S,9.5,328,58.5,75.5,,3,,,titleist.svg,,,,
,Tour AD TP SERIES 5,Titleist,,,,,,ドライバー,Tour AD TP SERIES 5,9.5,S,9.5,312,58.5,57,,4.4,,,titleist.svg,,,,
,Tour AD TP SERIES 6,Titleist,,,,,,ドライバー,Tour AD TP SERIES 6,9.5,S,9.5,320,58.5,65,,3.2,,,titleist.svg,,,,
,Tour AD TP SERIES 7,Titleist,,,,,,ドライバー,Tour AD TP SERIES 7,9.5,S,9.5,328,58.5,73,,3,,,titleist.svg,,,,
,ATTAS PUNCH SERIES 5,Titleist,,,,,,ドライバー,ATTAS PUNCH SERIES 5,9.5,S,9.5,312,58.5,57,,5.3,,,titleist.svg,,,,
,ATTAS PUNCH SERIES 6,Titleist,,,,,,ドライバー,ATTAS PUNCH SERIES 6,9.5,S,9.5,321,58.5,67,,4,,,titleist.svg,,,,
,ATTAS PUNCH SERIES 7,Titleist,,,,,,ドライバー,ATTAS PUNCH SERIES 7,9.5,S,9.5,330,58.5,77,,3,,,titleist.svg,,,,
,1W,Titleist,,,,,,ドライバー,1W,R,Titleist Speeder 517,R,45.5,10.5,303,,48,,,titleist.svg,,,,
,SR,Titleist,,,,,,ドライバー,SR,58.5,10.5,58.5,51,-,4.8,,先中調子,,,titleist.svg,,,,
,S,Titleist,,,,,,ドライバー,S,58.5,10.5,58.5,54,-,4.6,,先中調子,,,titleist.svg,,,,
,Diamana BF SERIES 50,Titleist,,,,,,ドライバー,Diamana BF SERIES 50,10.5,S,10.5,313,58.5,57.5,,5,,,titleist.svg,,,,
,Diamana BF SERIES 60,Titleist,,,,,,ドライバー,Diamana BF SERIES 60,10.5,S,10.5,320,58.5,65.5,,3.9,,,titleist.svg,,,,
,Diamana BF SERIES 70,Titleist,,,,,,ドライバー,Diamana BF SERIES 70,10.5,S,10.5,328,58.5,73.5,,3.4,,,titleist.svg,,,,
,Speeder EVOLUTION III SERIES 569,Titleist,,,,,,ドライバー,Speeder EVOLUTION III SERIES 569,10.5,S,10.5,313,58.5,59,,4.4,,,titleist.svg,,,,
,Speeder EVOLUTION III SERIES 661,Titleist,,,,,,ドライバー,Speeder EVOLUTION III SERIES 661,10.5,S,10.5,319,58.5,66.5,,3.7,,,titleist.svg,,,,
,Speeder EVOLUTION III SERIES 757,Titleist,,,,,,ドライバー,Speeder EVOLUTION III SERIES 757,10.5,S,10.5,328,58.5,75.5,,3,,,titleist.svg,,,,
,Tour AD TP SERIES 5,Titleist,,,,,,ドライバー,Tour AD TP SERIES 5,10.5,S,10.5,312,58.5,57,,4.4,,,titleist.svg,,,,
,Tour AD TP SERIES 6,Titleist,,,,,,ドライバー,Tour AD TP SERIES 6,10.5,S,10.5,320,58.5,65,,3.2,,,titleist.svg,,,,
,Tour AD TP SERIES 7,Titleist,,,,,,ドライバー,Tour AD TP SERIES 7,10.5,S,10.5,328,58.5,73,,3,,,titleist.svg,,,,
,ATTAS PUNCH SERIES 5,Titleist,,,,,,ドライバー,ATTAS PUNCH SERIES 5,10.5,S,10.5,312,58.5,57,,5.3,,,titleist.svg,,,,
,ATTAS PUNCH SERIES 6,Titleist,,,,,,ドライバー,ATTAS PUNCH SERIES 6,10.5,S,10.5,321,58.5,67,,4,,,titleist.svg,,,,
,ATTAS PUNCH SERIES 7,Titleist,,,,,,ドライバー,ATTAS PUNCH SERIES 7,10.5,S,10.5,330,58.5,77,,3,,,titleist.svg,,,,
,"男性用
女性用",Titleist,,,,,,ドライバー,"男性用
女性用",,,,,,,,,,,titleist.svg,,,,
,"全てのメーカー
GTDゴルフ
jBEAM
RODDIO
S-YARD
SYB（サイブ／コンセプト）
つるやゴルフ
アキラプロダクツ
イオンスポーツ
ウィンバード
ウイルソン
エナ
エポン
カタナ
カムイ
キャスコ
キャロウェイ
クリーブランド
クルーズ
クレイジー
グランプリ
グローブライド（旧ダイワ）
コブラ
サソーグラインド
ジオテック
ジャスティック
タイトリスト
ダンロップ
テーラーメイド
ナイキ
パワービルト
ピン
フォレスタ
フォーティーン
ブリヂストン
プロギア
マグレガー
マルマン
ミズノ
ヤマハ
ヨネックス
リョーマゴルフ
ロイヤルコレクション
ロマロ
ワークス
三浦技研
本間ゴルフ",Titleist,,,,,,ドライバー,"全てのメーカー
GTDゴルフ
jBEAM
RODDIO
S-YARD
SYB（サイブ／コンセプト）
つるやゴルフ
アキラプロダクツ
イオンスポーツ
ウィンバード
ウイルソン
エナ
エポン
カタナ
カムイ
キャスコ
キャロウェイ
クリーブランド
クルーズ
クレイジー
グランプリ
グローブライド（旧ダイワ）
コブラ
サソーグラインド
ジオテック
ジャスティック
タイトリスト
ダンロップ
テーラーメイド
ナイキ
パワービルト
ピン
フォレスタ
フォーティーン
ブリヂストン
プロギア
マグレガー
マルマン
ミズノ
ヤマハ
ヨネックス
リョーマゴルフ
ロイヤルコレクション
ロマロ
ワークス
三浦技研
本間ゴルフ",,,,,,,,,,,titleist.svg,,,,
,"2025年
2024年
2023年
2022年
2021年
2020年
2019年
2018年
2017年
2016年
2015年
2014年
2013年
2012年
2011年
2010年
2009年
2008年
2007年
2006年
2005年
2004年
2003年
2002年
2000年
1998年
不明
絞り込み無し",Titleist,,,,,,ドライバー,"2025年
2024年
2023年
2022年
2021年
2020年
2019年
2018年
2017年
2016年
2015年
2014年
2013年
2012年
2011年
2010年
2009年
2008年
2007年
2006年
2005年
2004年
2003年
2002年
2000年
1998年
不明
絞り込み無し",,,,,,,,,,,titleist.svg,,,,
,"～7.99
8.0～8.99
9.0～9.99
10.0～10.99
11.0～11.99
12.0～12.99
  13.0～
選択なし",Titleist,,,,,,ドライバー,"～7.99
8.0～8.99
9.0～9.99
10.0～10.99
11.0～11.99
12.0～12.99
  13.0～
選択なし",,,,,,,,,,,titleist.svg,,,,
,"～56.99
57.0～57.99
58.0～58.99
59.0～59.99
60.0～60.99
61.0～61.99
  62.0～
選択なし",Titleist,,,,,,ドライバー,"～56.99
57.0～57.99
58.0～58.99
59.0～59.99
60.0～60.99
61.0～61.99
  62.0～
選択なし",,,,,,,,,,,titleist.svg,,,,
,"フック
スクエア
オープン
選択なし",Titleist,,,,,,ドライバー,"フック
スクエア
オープン
選択なし",,,,,,,,,,,titleist.svg,,,,
,"～379
380～399
400～419
420～429
430～439
440～449
450～459
  460
  461～
選択なし",Titleist,,,,,,ドライバー,"～379
380～399
400～419
420～429
430～439
440～449
450～459
  460
  461～
選択なし",,,,,,,,,,,titleist.svg,,,,
,"～43.99
44.0～44.49
44.5～44.99
45.0～45.24
45.25～45.49
45.5～45.74
45.75～45.99
46.0～46.49
46.5～46.99
  47.0～
選択なし",Titleist,,,,,,ドライバー,"～43.99
44.0～44.49
44.5～44.99
45.0～45.24
45.25～45.49
45.5～45.74
45.75～45.99
46.0～46.49
46.5～46.99
  47.0～
選択なし",,,,,,,,,,,titleist.svg,,,,
,"～269
270～279
280～289
290～299
300～309
310～319
320～329
  330～
選択なし",Titleist,,,,,,ドライバー,"～269
270～279
280～289
290～299
300～309
310～319
320～329
  330～
選択なし",,,,,,,,,,,titleist.svg,,,,
,"～39
40～44
45～49
50～54
55～59
60～64
65～69
  70～
選択なし",Titleist,,,,,,ドライバー,"～39
40～44
45～49
50～54
55～59
60～64
65～69
  70～
選択なし",,,,,,,,,,,titleist.svg,,,,
,"～7
6.9～6.5
6.4～6
5.9～5.5
5.4～5
4.9～4.5
4.4～4
3.9～3.5
3.4～3
  2.9～
選択なし",Titleist,,,,,,ドライバー,"～7
6.9～6.5
6.4～6
5.9～5.5
5.4～5
4.9～4.5
4.4～4
3.9～3.5
3.4～3
  2.9～
選択なし",,,,,,,,,,,titleist.svg,,,,
,"中調子
元調子
先調子
中元調子
中先調子
選択なし",Titleist,,,,,,ドライバー,"中調子
元調子
先調子
中元調子
中先調子
選択なし",,,,,,,,,,,titleist.svg,,,,
,"～34
35～39
40～44
45～49
  50～
選択なし",Titleist,,,,,,ドライバー,"～34
35～39
40～44
45～49
  50～
選択なし",,,,,,,,,,,titleist.svg,,,,
,"～B9
C0～C4
C5～C9
D0～D4
D5～D9
  E0～
選択なし",Titleist,,,,,,ドライバー,"～B9
C0～C4
C5～C9
D0～D4
D5～D9
  E0～
選択なし",,,,,,,,,,,titleist.svg,,,,
,"LL
L
A
RR
R
SR
S
SS
X
XX
絞り込み無し",Titleist,,,,,,ドライバー,"LL
L
A
RR
R
SR
S
SS
X
XX
絞り込み無し",,,,,,,,,,,titleist.svg,,,,
,"ノーマル(洋ナシ型)
三角形型
四角形型
五角形型
コンケーブ型(凹みクラウン型)
選択なし",Titleist,,,,,,ドライバー,"ノーマル(洋ナシ型)
三角形型
四角形型
五角形型
コンケーブ型(凹みクラウン型)
選択なし",,,,,,,,,,,titleist.svg,,,,
,"チタン(合金含む)
ステンレス鋼
スーパーハイテン
アーメット鋼
マレージング鋼
スチール
タングステン
選択なし",Titleist,,,,,,ドライバー,"チタン(合金含む)
ステンレス鋼
スーパーハイテン
アーメット鋼
マレージング鋼
スチール
タングステン
選択なし",,,,,,,,,,,titleist.svg,,,,
,"チタン(合金含む)
ステンレス鋼
スーパーハイテン
アーメット鋼
マレージング鋼
スチール
タングステン
選択なし",Titleist,,,,,,ドライバー,"チタン(合金含む)
ステンレス鋼
スーパーハイテン
アーメット鋼
マレージング鋼
スチール
タングステン
選択なし",,,,,,,,,,,titleist.svg,,,,
,"チタン(合金含む)
ステンレス鋼
スーパーハイテン
アーメット鋼
マレージング鋼
スチール
タングステン
選択なし",Titleist,,,,,,ドライバー,"チタン(合金含む)
ステンレス鋼
スーパーハイテン
アーメット鋼
マレージング鋼
スチール
タングステン
選択なし",,,,,,,,,,,titleist.svg,,,,
,"鍛造
鋳造
選択なし",Titleist,,,,,,ドライバー,"鍛造
鋳造
選択なし",,,,,,,,,,,titleist.svg,,,,
,"日本
中国
台湾
韓国
フィリピン
タイ
アメリカ
マレーシア
ベトナム
ミャンマー
インドネシア
インド
カンボジア
オーストラリア
ニュージーランド
選択なし",Titleist,,,,,,ドライバー,"日本
中国
台湾
韓国
フィリピン
タイ
アメリカ
マレーシア
ベトナム
ミャンマー
インドネシア
インド
カンボジア
オーストラリア
ニュージーランド
選択なし",,,,,,,,,,,titleist.svg,,,,
,"2008年SLEルール適合
2008年SLEルール不適合
選択なし",Titleist,,,,,,ドライバー,"2008年SLEルール適合
2008年SLEルール不適合
選択なし",,,,,,,,,,,titleist.svg,,,,
,"ロフト角
ライ角
フェース角
フェースプログレッション
オフセット
ヘッド重量
ヘッド体積
バウンス角
クラブの長さ
クラブ重量
シャフト重量
トルク
キックポイント
推奨ヘッドスピード
バランス
振動数",Titleist,,,,,,ドライバー,"ロフト角
ライ角
フェース角
フェースプログレッション
オフセット
ヘッド重量
ヘッド体積
バウンス角
クラブの長さ
クラブ重量
シャフト重量
トルク
キックポイント
推奨ヘッドスピード
バランス
振動数",,,,,,,,,,,titleist.svg,,,,
,"男性用
女性用",Titleist,,,,,,ドライバー,"男性用
女性用",,,,,,,,,,,titleist.svg,,,,
,"全てのメーカー
jBEAM
S-YARD
SYB（サイブ／コンセプト）
つるやゴルフ
アキラプロダクツ
イオンスポーツ
ウィンバード
ウイルソン
エナ
エポン
カタナ
カムイ
キャスコ
キャロウェイ
クリーブランド
クルーズ
クレイジー
グローブライド（旧ダイワ）
コブラ
ジオテック
ジャスティック
タイトリスト
ダンロップ
テーラーメイド
ナイキ
パワービルト
ピン
フォレスタ
フォーティーン
ブリヂストン
プロギア
マグレガー
マルマン
ミズノ
ヤマハ
ヨネックス
リョーマゴルフ
ロイヤルコレクション
ロマロ
ワークス
三浦技研
本間ゴルフ",Titleist,,,,,,ドライバー,"全てのメーカー
jBEAM
S-YARD
SYB（サイブ／コンセプト）
つるやゴルフ
アキラプロダクツ
イオンスポーツ
ウィンバード
ウイルソン
エナ
エポン
カタナ
カムイ
キャスコ
キャロウェイ
クリーブランド
クルーズ
クレイジー
グローブライド（旧ダイワ）
コブラ
ジオテック
ジャスティック
タイトリスト
ダンロップ
テーラーメイド
ナイキ
パワービルト
ピン
フォレスタ
フォーティーン
ブリヂストン
プロギア
マグレガー
マルマン
ミズノ
ヤマハ
ヨネックス
リョーマゴルフ
ロイヤルコレクション
ロマロ
ワークス
三浦技研
本間ゴルフ",,,,,,,,,,,titleist.svg,,,,
,"2025年
2024年
2023年
2022年
2021年
2020年
2019年
2018年
2017年
2016年
2015年
2014年
2013年
2012年
2011年
2010年
2009年
2008年
2007年
2006年
2005年
2004年
2003年
2002年
不明
絞り込み無し",Titleist,,,,,,ドライバー,"2025年
2024年
2023年
2022年
2021年
2020年
2019年
2018年
2017年
2016年
2015年
2014年
2013年
2012年
2011年
2010年
2009年
2008年
2007年
2006年
2005年
2004年
2003年
2002年
不明
絞り込み無し",,,,,,,,,,,titleist.svg,,,,
,"2W
3W
4W
5W
6W
7W
8W
9W
選択なし",Titleist,,,,,,ドライバー,"2W
3W
4W
5W
6W
7W
8W
9W
選択なし",,,,,,,,,,,titleist.svg,,,,
,"～13.99
14.0～14.99
15.0～15.99
16.0～16.99
17.0～17.99
18.0～18.99
19.0～19.99
20.0～20.99
21.0～21.99
22.0～22.99
23.0～23.99
24.0～24.99
  25.0～
選択なし",Titleist,,,,,,ドライバー,"～13.99
14.0～14.99
15.0～15.99
16.0～16.99
17.0～17.99
18.0～18.99
19.0～19.99
20.0～20.99
21.0～21.99
22.0～22.99
23.0～23.99
24.0～24.99
  25.0～
選択なし",,,,,,,,,,,titleist.svg,,,,
,"～56.99
57.0～57.99
58.0～58.99
59.0～59.99
60.0～60.99
61.0～61.99
  62.0～
選択なし",Titleist,,,,,,ドライバー,"～56.99
57.0～57.99
58.0～58.99
59.0～59.99
60.0～60.99
61.0～61.99
  62.0～
選択なし",,,,,,,,,,,titleist.svg,,,,
,"フック
スクエア
オープン
選択なし",Titleist,,,,,,ドライバー,"フック
スクエア
オープン
選択なし",,,,,,,,,,,titleist.svg,,,,
,"～139
140～149
150～159
160～169
170～179
180～189
190～199
  200～
選択なし",Titleist,,,,,,ドライバー,"～139
140～149
150～159
160～169
170～179
180～189
190～199
  200～
選択なし",,,,,,,,,,,titleist.svg,,,,
,"～39.99
40.0～40.49
40.5～40.99
41.0～41.49
41.5～41.99
42.0～42.49
42.5～42.99
43.0～43.49
43.5～43.99
  44.0～
選択なし",Titleist,,,,,,ドライバー,"～39.99
40.0～40.49
40.5～40.99
41.0～41.49
41.5～41.99
42.0～42.49
42.5～42.99
43.0～43.49
43.5～43.99
  44.0～
選択なし",,,,,,,,,,,titleist.svg,,,,
,"～279
280～289
290～299
300～309
310～319
320～329
330～339
340～349
  350～
選択なし",Titleist,,,,,,ドライバー,"～279
280～289
290～299
300～309
310～319
320～329
330～339
340～349
  350～
選択なし",,,,,,,,,,,titleist.svg,,,,
,"～39
40～44
45～49
50～54
55～59
60～64
65～69
70～99
  100～
選択なし",Titleist,,,,,,ドライバー,"～39
40～44
45～49
50～54
55～59
60～64
65～69
70～99
  100～
選択なし",,,,,,,,,,,titleist.svg,,,,
,"～7
6.9～6.5
6.4～6
5.9～5.5
5.4～5
4.9～4.5
4.4～4
3.9～3.5
3.4～3
  2.9～
選択なし",Titleist,,,,,,ドライバー,"～7
6.9～6.5
6.4～6
5.9～5.5
5.4～5
4.9～4.5
4.4～4
3.9～3.5
3.4～3
  2.9～
選択なし",,,,,,,,,,,titleist.svg,,,,
,"中調子
元調子
先調子
中元調子
中先調子
選択なし",Titleist,,,,,,ドライバー,"中調子
元調子
先調子
中元調子
中先調子
選択なし",,,,,,,,,,,titleist.svg,,,,
,"～34
35～39
40～44
45～49
  50～
選択なし",Titleist,,,,,,ドライバー,"～34
35～39
40～44
45～49
  50～
選択なし",,,,,,,,,,,titleist.svg,,,,
,"～B9
C0～C4
C5～C9
D0～D4
D5～D9
  E0～
選択なし",Titleist,,,,,,ドライバー,"～B9
C0～C4
C5～C9
D0～D4
D5～D9
  E0～
選択なし",,,,,,,,,,,titleist.svg,,,,
,"LL
L
A
RR
R
SR
S
SS
X
XX
絞り込み無し",Titleist,,,,,,ドライバー,"LL
L
A
RR
R
SR
S
SS
X
XX
絞り込み無し",,,,,,,,,,,titleist.svg,,,,
,"チタン(合金含む)
ステンレス鋼
スーパーハイテン
アーメット鋼
マレージング鋼
スチール
タングステン
軟鉄
選択なし",Titleist,,,,,,ドライバー,"チタン(合金含む)
ステンレス鋼
スーパーハイテン
アーメット鋼
マレージング鋼
スチール
タングステン
軟鉄
選択なし",,,,,,,,,,,titleist.svg,,,,
,"チタン(合金含む)
ステンレス鋼
スーパーハイテン
アーメット鋼
マレージング鋼
スチール
タングステン
選択なし",Titleist,,,,,,ドライバー,"チタン(合金含む)
ステンレス鋼
スーパーハイテン
アーメット鋼
マレージング鋼
スチール
タングステン
選択なし",,,,,,,,,,,titleist.svg,,,,
,"チタン(合金含む)
ステンレス鋼
スーパーハイテン
アーメット鋼
マレージング鋼
スチール
タングステン
軟鉄
選択なし",Titleist,,,,,,ドライバー,"チタン(合金含む)
ステンレス鋼
スーパーハイテン
アーメット鋼
マレージング鋼
スチール
タングステン
軟鉄
選択なし",,,,,,,,,,,titleist.svg,,,,
,"鍛造
鋳造
選択なし",Titleist,,,,,,ドライバー,"鍛造
鋳造
選択なし",,,,,,,,,,,titleist.svg,,,,
,"日本
中国
台湾
韓国
フィリピン
タイ
アメリカ
マレーシア
ベトナム
ミャンマー
インドネシア
インド
カンボジア
オーストラリア
ニュージーランド
選択なし",Titleist,,,,,,ドライバー,"日本
中国
台湾
韓国
フィリピン
タイ
アメリカ
マレーシア
ベトナム
ミャンマー
インドネシア
インド
カンボジア
オーストラリア
ニュージーランド
選択なし",,,,,,,,,,,titleist.svg,,,,
,"ロフト角
ライ角
フェース角
フェースプログレッション
オフセット
ヘッド重量
ヘッド体積
バウンス角
クラブの長さ
クラブ重量
シャフト重量
トルク
キックポイント
推奨ヘッドスピード
バランス
振動数",Titleist,,,,,,ドライバー,"ロフト角
ライ角
フェース角
フェースプログレッション
オフセット
ヘッド重量
ヘッド体積
バウンス角
クラブの長さ
クラブ重量
シャフト重量
トルク
キックポイント
推奨ヘッドスピード
バランス
振動数",,,,,,,,,,,titleist.svg,,,,
,"男性用
女性用",Titleist,,,,,,ドライバー,"男性用
女性用",,,,,,,,,,,titleist.svg,,,,
,"全てのメーカー
jBEAM
S-YARD
SYB（サイブ／コンセプト）
つるやゴルフ
アキラプロダクツ
イオンスポーツ
ウィンバード
ウイルソン
エナ
エポン
カタナ
カムイ
キャスコ
キャロウェイ
クリーブランド
クレイジー
グローブライド（旧ダイワ）
コブラ
サソーグラインド
ジオテック
ジャスティック
タイトリスト
ダンロップ
テーラーメイド
ナイキ
パワービルト
ピン
フォレスタ
フォーティーン
ブリヂストン
プロギア
マグレガー
マルマン
ミズノ
ヤマハ
ヨネックス
リョーマゴルフ
ロイヤルコレクション
ロマロ
ワークス
三浦技研
本間ゴルフ",Titleist,,,,,,ドライバー,"全てのメーカー
jBEAM
S-YARD
SYB（サイブ／コンセプト）
つるやゴルフ
アキラプロダクツ
イオンスポーツ
ウィンバード
ウイルソン
エナ
エポン
カタナ
カムイ
キャスコ
キャロウェイ
クリーブランド
クレイジー
グローブライド（旧ダイワ）
コブラ
サソーグラインド
ジオテック
ジャスティック
タイトリスト
ダンロップ
テーラーメイド
ナイキ
パワービルト
ピン
フォレスタ
フォーティーン
ブリヂストン
プロギア
マグレガー
マルマン
ミズノ
ヤマハ
ヨネックス
リョーマゴルフ
ロイヤルコレクション
ロマロ
ワークス
三浦技研
本間ゴルフ",,,,,,,,,,,titleist.svg,,,,
,"2025年
2024年
2023年
2022年
2021年
2020年
2019年
2018年
2017年
2016年
2015年
2014年
2013年
2012年
2011年
2010年
2009年
2008年
2007年
2006年
2005年
2004年
2001年
不明
絞り込み無し",Titleist,,,,,,ドライバー,"2025年
2024年
2023年
2022年
2021年
2020年
2019年
2018年
2017年
2016年
2015年
2014年
2013年
2012年
2011年
2010年
2009年
2008年
2007年
2006年
2005年
2004年
2001年
不明
絞り込み無し",,,,,,,,,,,titleist.svg,,,,
,"～16.99
17.0～18.99
19.0～19.99
20.0～20.99
21.0～21.99
22.0～22.99
23.0～23.99
24.0～24.99
25.0～25.99
26.0～26.99
27.0～27.99
28.0～28.99
29.0～29.99
  30.0～
選択なし",Titleist,,,,,,ドライバー,"～16.99
17.0～18.99
19.0～19.99
20.0～20.99
21.0～21.99
22.0～22.99
23.0～23.99
24.0～24.99
25.0～25.99
26.0～26.99
27.0～27.99
28.0～28.99
29.0～29.99
  30.0～
選択なし",,,,,,,,,,,titleist.svg,,,,
,"～57.99
58.0～58.99
59.0～59.49
59.5～59.99
60.0～60.49
60.5～60.99
61.0～61.49
61.5～61.99
  62.0～
選択なし",Titleist,,,,,,ドライバー,"～57.99
58.0～58.99
59.0～59.49
59.5～59.99
60.0～60.49
60.5～60.99
61.0～61.49
61.5～61.99
  62.0～
選択なし",,,,,,,,,,,titleist.svg,,,,
,"フック
スクエア
オープン
選択なし",Titleist,,,,,,ドライバー,"フック
スクエア
オープン
選択なし",,,,,,,,,,,titleist.svg,,,,
,"～1.99
2.0～3.99
4.0～5.99
6.0～7.99
8.0～9.99
10.0～11.99
12.0～13.99
14.0～15.99
  16.0～
選択なし",Titleist,,,,,,ドライバー,"～1.99
2.0～3.99
4.0～5.99
6.0～7.99
8.0～9.99
10.0～11.99
12.0～13.99
14.0～15.99
  16.0～
選択なし",,,,,,,,,,,titleist.svg,,,,
,"～99
100～109
110～119
120～129
130～139
140～149
150～159
  160～
選択なし",Titleist,,,,,,ドライバー,"～99
100～109
110～119
120～129
130～139
140～149
150～159
  160～
選択なし",,,,,,,,,,,titleist.svg,,,,
,"～36.99
37.0～37.49
37.5～37.99
38.0～38.49
38.5～38.99
39.0～39.49
39.5～39.99
40.0～40.49
40.5～40.99
  41.0～
選択なし",Titleist,,,,,,ドライバー,"～36.99
37.0～37.49
37.5～37.99
38.0～38.49
38.5～38.99
39.0～39.49
39.5～39.99
40.0～40.49
40.5～40.99
  41.0～
選択なし",,,,,,,,,,,titleist.svg,,,,
,"～279
280～299
300～309
310～319
320～329
330～339
340～349
350～359
360～369
370～379
380～389
390～399
  400～
選択なし",Titleist,,,,,,ドライバー,"～279
280～299
300～309
310～319
320～329
330～339
340～349
350～359
360～369
370～379
380～389
390～399
  400～
選択なし",,,,,,,,,,,titleist.svg,,,,
,"～39
40～44
45～49
50～54
55～59
60～64
65～69
70～74
75～79
80～84
85～89
90～94
95～99
100～109
110～119
  120～
選択なし",Titleist,,,,,,ドライバー,"～39
40～44
45～49
50～54
55～59
60～64
65～69
70～74
75～79
80～84
85～89
90～94
95～99
100～109
110～119
  120～
選択なし",,,,,,,,,,,titleist.svg,,,,
,"～7
6.9～6.5
6.4～6
5.9～5.5
5.4～5
4.9～4.5
4.4～4
3.9～3.5
3.4～3
  2.9～
選択なし",Titleist,,,,,,ドライバー,"～7
6.9～6.5
6.4～6
5.9～5.5
5.4～5
4.9～4.5
4.4～4
3.9～3.5
3.4～3
  2.9～
選択なし",,,,,,,,,,,titleist.svg,,,,
,"中調子
元調子
先調子
中元調子
中先調子
選択なし",Titleist,,,,,,ドライバー,"中調子
元調子
先調子
中元調子
中先調子
選択なし",,,,,,,,,,,titleist.svg,,,,
,"～34
35～39
40～44
45～49
  50～
選択なし",Titleist,,,,,,ドライバー,"～34
35～39
40～44
45～49
  50～
選択なし",,,,,,,,,,,titleist.svg,,,,
,"～B9
C0～C4
C5～C9
D0～D4
D5～D9
  E0～
選択なし",Titleist,,,,,,ドライバー,"～B9
C0～C4
C5～C9
D0～D4
D5～D9
  E0～
選択なし",,,,,,,,,,,titleist.svg,,,,
,"LL
L
A
RR
R
SR
S
SS
X
XX
絞り込み無し",Titleist,,,,,,ドライバー,"LL
L
A
RR
R
SR
S
SS
X
XX
絞り込み無し",,,,,,,,,,,titleist.svg,,,,
,"ウッド型
アイアン型
選択なし",Titleist,,,,,,ドライバー,"ウッド型
アイアン型
選択なし",,,,,,,,,,,titleist.svg,,,,
,"チタン(合金含む)
ステンレス鋼
スーパーハイテン
アーメット鋼
マレージング鋼
スチール
タングステン
軟鉄
選択なし",Titleist,,,,,,ドライバー,"チタン(合金含む)
ステンレス鋼
スーパーハイテン
アーメット鋼
マレージング鋼
スチール
タングステン
軟鉄
選択なし",,,,,,,,,,,titleist.svg,,,,
,"チタン(合金含む)
ステンレス鋼
スーパーハイテン
アーメット鋼
マレージング鋼
スチール
タングステン
選択なし",Titleist,,,,,,ドライバー,"チタン(合金含む)
ステンレス鋼
スーパーハイテン
アーメット鋼
マレージング鋼
スチール
タングステン
選択なし",,,,,,,,,,,titleist.svg,,,,
,"チタン(合金含む)
ステンレス鋼
スーパーハイテン
アーメット鋼
マレージング鋼
スチール
タングステン
軟鉄
選択なし",Titleist,,,,,,ドライバー,"チタン(合金含む)
ステンレス鋼
スーパーハイテン
アーメット鋼
マレージング鋼
スチール
タングステン
軟鉄
選択なし",,,,,,,,,,,titleist.svg,,,,
,"鍛造
鋳造
選択なし",Titleist,,,,,,ドライバー,"鍛造
鋳造
選択なし",,,,,,,,,,,titleist.svg,,,,
,"日本
中国
台湾
韓国
フィリピン
タイ
アメリカ
マレーシア
ベトナム
ミャンマー
インドネシア
インド
カンボジア
オーストラリア
ニュージーランド
選択なし",Titleist,,,,,,ドライバー,"日本
中国
台湾
韓国
フィリピン
タイ
アメリカ
マレーシア
ベトナム
ミャンマー
インドネシア
インド
カンボジア
オーストラリア
ニュージーランド
選択なし",,,,,,,,,,,titleist.svg,,,,
,"ロフト角
ライ角
フェース角
フェースプログレッション
オフセット
ヘッド重量
ヘッド体積
バウンス角
クラブの長さ
クラブ重量
シャフト重量
トルク
キックポイント
推奨ヘッドスピード
バランス
振動数",Titleist,,,,,,ドライバー,"ロフト角
ライ角
フェース角
フェースプログレッション
オフセット
ヘッド重量
ヘッド体積
バウンス角
クラブの長さ
クラブ重量
シャフト重量
トルク
キックポイント
推奨ヘッドスピード
バランス
振動数",,,,,,,,,,,titleist.svg,,,,
,"男性用
女性用",Titleist,,,,,,ドライバー,"男性用
女性用",,,,,,,,,,,titleist.svg,,,,
,"全てのメーカー
jBEAM
S-YARD
SYB（サイブ／コンセプト）
つるやゴルフ
アキラプロダクツ
イオンスポーツ
ウィンバード
ウイルソン
エナ
エポン
カタナ
カムイ
キャスコ
キャロウェイ
クリーブランド
クルーズ
クレイジー
グローブライド（旧ダイワ）
コブラ
サソーグラインド
ジオテック
ジャスティック
タイトリスト
ダンロップ
テーラーメイド
ナイキ
パワービルト
ピン
フォレスタ
フォーティーン
ブリヂストン
プロギア
マグレガー
マルマン
ミズノ
ヤマハ
ヨネックス
リョーマゴルフ
ロイヤルコレクション
ロマロ
ワークス
三浦技研
本間ゴルフ",Titleist,,,,,,ドライバー,"全てのメーカー
jBEAM
S-YARD
SYB（サイブ／コンセプト）
つるやゴルフ
アキラプロダクツ
イオンスポーツ
ウィンバード
ウイルソン
エナ
エポン
カタナ
カムイ
キャスコ
キャロウェイ
クリーブランド
クルーズ
クレイジー
グローブライド（旧ダイワ）
コブラ
サソーグラインド
ジオテック
ジャスティック
タイトリスト
ダンロップ
テーラーメイド
ナイキ
パワービルト
ピン
フォレスタ
フォーティーン
ブリヂストン
プロギア
マグレガー
マルマン
ミズノ
ヤマハ
ヨネックス
リョーマゴルフ
ロイヤルコレクション
ロマロ
ワークス
三浦技研
本間ゴルフ",,,,,,,,,,,titleist.svg,,,,
,"2025年
2024年
2023年
2022年
2021年
2020年
2019年
2018年
2017年
2016年
2015年
2014年
2013年
2012年
2011年
2010年
2009年
2008年
2007年
2006年
2005年
2004年
2003年
2002年
2001年
2000年
1999年
1998年
1997年
1996年
1994年
1992年
不明
1987年
絞り込み無し",Titleist,,,,,,ドライバー,"2025年
2024年
2023年
2022年
2021年
2020年
2019年
2018年
2017年
2016年
2015年
2014年
2013年
2012年
2011年
2010年
2009年
2008年
2007年
2006年
2005年
2004年
2003年
2002年
2001年
2000年
1999年
1998年
1997年
1996年
1994年
1992年
不明
1987年
絞り込み無し",,,,,,,,,,,titleist.svg,,,,
,"1番
2番
3番
4番
5番
6番
7番
8番
9番
10番
11番
12番
PW
AW
SW
GW
選択なし",Titleist,,,,,,ドライバー,"1番
2番
3番
4番
5番
6番
7番
8番
9番
10番
11番
12番
PW
AW
SW
GW
選択なし",,,,,,,,,,,titleist.svg,,,,
,"～19.99
20.0～20.99
21.0～21.99
22.0～22.99
23.0～23.99
24.0～24.99
25.0～25.99
26.0～26.99
27.0～27.99
28.0～28.99
29.0～29.99
30.0～30.99
31.0～31.99
32.0～32.99
33.0～33.99
34.0～34.99
35.0～35.99
36.0～36.99
37.0～37.99
38.0～38.99
39.0～39.99
40.0～40.99
41.0～41.99
42.0～42.99
43.0～43.99
44.0～44.99
45.0～45.99
46.0～46.99
47.0～47.99
48.0～48.99
49.0～49.99
50.0～50.99
51.0～51.99
52.0～52.99
53.0～53.99
54.0～54.99
55.0～55.99
56.0～56.99
57.0～57.99
58.0～58.99
59.0～59.99
  60.0～
選択なし",Titleist,,,,,,ドライバー,"～19.99
20.0～20.99
21.0～21.99
22.0～22.99
23.0～23.99
24.0～24.99
25.0～25.99
26.0～26.99
27.0～27.99
28.0～28.99
29.0～29.99
30.0～30.99
31.0～31.99
32.0～32.99
33.0～33.99
34.0～34.99
35.0～35.99
36.0～36.99
37.0～37.99
38.0～38.99
39.0～39.99
40.0～40.99
41.0～41.99
42.0～42.99
43.0～43.99
44.0～44.99
45.0～45.99
46.0～46.99
47.0～47.99
48.0～48.99
49.0～49.99
50.0～50.99
51.0～51.99
52.0～52.99
53.0～53.99
54.0～54.99
55.0～55.99
56.0～56.99
57.0～57.99
58.0～58.99
59.0～59.99
  60.0～
選択なし",,,,,,,,,,,titleist.svg,,,,
,"～58.99
59.0～59.49
59.5～59.99
60.0～60.49
60.5～60.99
61.0～61.49
61.5～61.99
62.0～62.49
62.5～62.99
63.0～63.49
63.5～63.99
64.0～64.49
64.5～64.99
65.0～65.49
65.5～65.99
  66.0～
選択なし",Titleist,,,,,,ドライバー,"～58.99
59.0～59.49
59.5～59.99
60.0～60.49
60.5～60.99
61.0～61.49
61.5～61.99
62.0～62.49
62.5～62.99
63.0～63.49
63.5～63.99
64.0～64.49
64.5～64.99
65.0～65.49
65.5～65.99
  66.0～
選択なし",,,,,,,,,,,titleist.svg,,,,
,"～-0.01
0～0.49
0.5～0.99
1.0～1.49
1.5～1.99
2.0～2.49
2.5～2.99
3.0～3.49
3.5～3.99
4.0～4.49
4.5～4.99
5.0～5.49
5.5～5.99
6.0～6.49
6.5～6.99
  7.0～
選択なし",Titleist,,,,,,ドライバー,"～-0.01
0～0.49
0.5～0.99
1.0～1.49
1.5～1.99
2.0～2.49
2.5～2.99
3.0～3.49
3.5～3.99
4.0～4.49
4.5～4.99
5.0～5.49
5.5～5.99
6.0～6.49
6.5～6.99
  7.0～
選択なし",,,,,,,,,,,titleist.svg,,,,
,"～0.049
0.05～0.09
0.1～0.149
0.15～0.19
0.2～0.249
0.25～0.29
0.3～0.349
0.35～0.39
  0.4～
選択なし",Titleist,,,,,,ドライバー,"～0.049
0.05～0.09
0.1～0.149
0.15～0.19
0.2～0.249
0.25～0.29
0.3～0.349
0.35～0.39
  0.4～
選択なし",,,,,,,,,,,titleist.svg,,,,
,"～249
250～254
255～259
260～264
265～269
270～274
275～279
280～284
285～289
290～294
295～299
  300～
選択なし",Titleist,,,,,,ドライバー,"～249
250～254
255～259
260～264
265～269
270～274
275～279
280～284
285～289
290～294
295～299
  300～
選択なし",,,,,,,,,,,titleist.svg,,,,
,"～-0.01
0～0.9
1～1.9
2～2.9
3～3.9
4～4.9
5～5.9
6～6.9
7～7.9
8～8.9
9～9.9
10～10.9
11～11.9
12～12.9
13～13.9
14～14.9
  15～
選択なし",Titleist,,,,,,ドライバー,"～-0.01
0～0.9
1～1.9
2～2.9
3～3.9
4～4.9
5～5.9
6～6.9
7～7.9
8～8.9
9～9.9
10～10.9
11～11.9
12～12.9
13～13.9
14～14.9
  15～
選択なし",,,,,,,,,,,titleist.svg,,,,
,"～33.99
34.0～34.49
34.5～34.99
35.0～35.49
35.5～35.99
36.0～36.49
36.5～36.99
37.0～37.49
37.5～37.99
38.0～38.49
38.5～38.99
39.0～39.49
39.5～39.99
  40.0～
選択なし",Titleist,,,,,,ドライバー,"～33.99
34.0～34.49
34.5～34.99
35.0～35.49
35.5～35.99
36.0～36.49
36.5～36.99
37.0～37.49
37.5～37.99
38.0～38.49
38.5～38.99
39.0～39.49
39.5～39.99
  40.0～
選択なし",,,,,,,,,,,titleist.svg,,,,
,"～329
330～339
340～349
350～359
360～369
370～379
380～389
390～399
400～409
410～419
420～429
430～439
440～449
450～459
  460～
選択なし",Titleist,,,,,,ドライバー,"～329
330～339
340～349
350～359
360～369
370～379
380～389
390～399
400～409
410～419
420～429
430～439
440～449
450～459
  460～
選択なし",,,,,,,,,,,titleist.svg,,,,
,"～39
40～44
45～49
50～54
55～59
60～64
65～69
70～74
75～79
80～84
85～89
90～94
95～99
100～109
110～119
120～129
  130～
選択なし",Titleist,,,,,,ドライバー,"～39
40～44
45～49
50～54
55～59
60～64
65～69
70～74
75～79
80～84
85～89
90～94
95～99
100～109
110～119
120～129
  130～
選択なし",,,,,,,,,,,titleist.svg,,,,
,"～6
5.9～5.5
5.4～5
4.9～4.5
4.4～4
3.9～3.5
3.4～3
2.9～2.5
2.4～2
1.9～1.5
  1.49～
選択なし",Titleist,,,,,,ドライバー,"～6
5.9～5.5
5.4～5
4.9～4.5
4.4～4
3.9～3.5
3.4～3
2.9～2.5
2.4～2
1.9～1.5
  1.49～
選択なし",,,,,,,,,,,titleist.svg,,,,
,"中調子
元調子
先調子
中元調子
中先調子
選択なし",Titleist,,,,,,ドライバー,"中調子
元調子
先調子
中元調子
中先調子
選択なし",,,,,,,,,,,titleist.svg,,,,
,"～34
35～39
40～44
45～49
  50～
選択なし",Titleist,,,,,,ドライバー,"～34
35～39
40～44
45～49
  50～
選択なし",,,,,,,,,,,titleist.svg,,,,
,"～B9
C0～C4
C5～C9
D0～D4
D5～D9
  E0～
選択なし",Titleist,,,,,,ドライバー,"～B9
C0～C4
C5～C9
D0～D4
D5～D9
  E0～
選択なし",,,,,,,,,,,titleist.svg,,,,
,"LL
L
A
RR
R
SR
S
SS
X
XX
絞り込み無し",Titleist,,,,,,ドライバー,"LL
L
A
RR
R
SR
S
SS
X
XX
絞り込み無し",,,,,,,,,,,titleist.svg,,,,
,"キャビティ
中空
マッスルバック
中空+キャビティ
ユーティリティ型
選択なし",Titleist,,,,,,ドライバー,"キャビティ
中空
マッスルバック
中空+キャビティ
ユーティリティ型
選択なし",,,,,,,,,,,titleist.svg,,,,
,"チタン(合金含む)
ステンレス鋼
スーパーハイテン
アーメット鋼
マレージング鋼
スチール
タングステン
軟鉄
選択なし",Titleist,,,,,,ドライバー,"チタン(合金含む)
ステンレス鋼
スーパーハイテン
アーメット鋼
マレージング鋼
スチール
タングステン
軟鉄
選択なし",,,,,,,,,,,titleist.svg,,,,
,"チタン(合金含む)
ステンレス鋼
スーパーハイテン
アーメット鋼
マレージング鋼
スチール
タングステン
選択なし",Titleist,,,,,,ドライバー,"チタン(合金含む)
ステンレス鋼
スーパーハイテン
アーメット鋼
マレージング鋼
スチール
タングステン
選択なし",,,,,,,,,,,titleist.svg,,,,
,"チタン(合金含む)
ステンレス鋼
スーパーハイテン
アーメット鋼
マレージング鋼
スチール
タングステン
軟鉄
選択なし",Titleist,,,,,,ドライバー,"チタン(合金含む)
ステンレス鋼
スーパーハイテン
アーメット鋼
マレージング鋼
スチール
タングステン
軟鉄
選択なし",,,,,,,,,,,titleist.svg,,,,
,"鍛造
鋳造
選択なし",Titleist,,,,,,ドライバー,"鍛造
鋳造
選択なし",,,,,,,,,,,titleist.svg,,,,
,"日本
中国
台湾
韓国
フィリピン
タイ
アメリカ
マレーシア
ベトナム
ミャンマー
インドネシア
インド
カンボジア
オーストラリア
ニュージーランド
選択なし",Titleist,,,,,,ドライバー,"日本
中国
台湾
韓国
フィリピン
タイ
アメリカ
マレーシア
ベトナム
ミャンマー
インドネシア
インド
カンボジア
オーストラリア
ニュージーランド
選択なし",,,,,,,,,,,titleist.svg,,,,
,"2010年角溝ルール適合
2010年角溝ルール不適合
選択なし",Titleist,,,,,,ドライバー,"2010年角溝ルール適合
2010年角溝ルール不適合
選択なし",,,,,,,,,,,titleist.svg,,,,
,"ロフト角
ライ角
フェース角
フェースプログレッション
オフセット
ヘッド重量
ヘッド体積
バウンス角
クラブの長さ
クラブ重量
シャフト重量
トルク
キックポイント
推奨ヘッドスピード
バランス
振動数",Titleist,,,,,,ドライバー,"ロフト角
ライ角
フェース角
フェースプログレッション
オフセット
ヘッド重量
ヘッド体積
バウンス角
クラブの長さ
クラブ重量
シャフト重量
トルク
キックポイント
推奨ヘッドスピード
バランス
振動数",,,,,,,,,,,titleist.svg,,,,
,"男性用
女性用",Titleist,,,,,,ドライバー,"男性用
女性用",,,,,,,,,,,titleist.svg,,,,
,"全てのメーカー
Jazz Golf
jBEAM
S-YARD
SYB（サイブ／コンセプト）
YES!Golf
アキラプロダクツ
イオンスポーツ
ウィンバード
ウイルソン
エナ
エポン
カタナ
カムイ
キャスコ
キャロウェイ
クリーブランド
クルーズ
クレイジー
グローブライド（旧ダイワ）
ゲージデザイン
コブラ
ジオテック
ジャスティック
タイトリスト
ダンロップ
テーラーメイド
ナイキ
パワービルト
ピン
フォレスタ
フォーティーン
ブリヂストン
プロギア
マグレガー
マルマン
ミズノ
ヤマハ
ヨネックス
ロイヤルコレクション
ロマロ
ワークス
三浦技研
本間ゴルフ",Titleist,,,,,,ドライバー,"全てのメーカー
Jazz Golf
jBEAM
S-YARD
SYB（サイブ／コンセプト）
YES!Golf
アキラプロダクツ
イオンスポーツ
ウィンバード
ウイルソン
エナ
エポン
カタナ
カムイ
キャスコ
キャロウェイ
クリーブランド
クルーズ
クレイジー
グローブライド（旧ダイワ）
ゲージデザイン
コブラ
ジオテック
ジャスティック
タイトリスト
ダンロップ
テーラーメイド
ナイキ
パワービルト
ピン
フォレスタ
フォーティーン
ブリヂストン
プロギア
マグレガー
マルマン
ミズノ
ヤマハ
ヨネックス
ロイヤルコレクション
ロマロ
ワークス
三浦技研
本間ゴルフ",,,,,,,,,,,titleist.svg,,,,
,"2025年
2024年
2023年
2022年
2021年
2020年
2019年
2018年
2017年
2016年
2015年
2014年
2013年
2012年
2011年
2010年
2009年
2008年
2007年
2006年
2005年
2004年
2002年
2001年
1999年
1998年
1996年
1994年
不明
絞り込み無し",Titleist,,,,,,ドライバー,"2025年
2024年
2023年
2022年
2021年
2020年
2019年
2018年
2017年
2016年
2015年
2014年
2013年
2012年
2011年
2010年
2009年
2008年
2007年
2006年
2005年
2004年
2002年
2001年
1999年
1998年
1996年
1994年
不明
絞り込み無し",,,,,,,,,,,titleist.svg,,,,
,"～47.99
48.0～49.99
50.0～51.99
52.0～53.99
54.0～55.99
56.0～57.99
58.0～59.99
60.0～61.99
62.0～63.99
64.0～65.99
  66.0～
選択なし",Titleist,,,,,,ドライバー,"～47.99
48.0～49.99
50.0～51.99
52.0～53.99
54.0～55.99
56.0～57.99
58.0～59.99
60.0～61.99
62.0～63.99
64.0～65.99
  66.0～
選択なし",,,,,,,,,,,titleist.svg,,,,
,"～62.99
63.0～63.49
63.5～63.99
64.0～64.49
64.5～64.99
65.0～65.49
65.5～65.99
66.0～66.49
66.5～66.99
67.0～67.49
67.5～67.99
68.0～68.49
68.5～68.99
69.0～69.49
69.5～69.99
  70.0～
選択なし",Titleist,,,,,,ドライバー,"～62.99
63.0～63.49
63.5～63.99
64.0～64.49
64.5～64.99
65.0～65.49
65.5～65.99
66.0～66.49
66.5～66.99
67.0～67.49
67.5～67.99
68.0～68.49
68.5～68.99
69.0～69.49
69.5～69.99
  70.0～
選択なし",,,,,,,,,,,titleist.svg,,,,
,"～1.99
2.0～2.49
2.5～2.99
3.0～3.49
3.5～3.99
4.0～4.49
4.5～4.99
5.0～5.49
5.5～5.99
6.0～6.49
6.5～6.99
7.0～7.49
7.5～7.99
  8.0～
選択なし",Titleist,,,,,,ドライバー,"～1.99
2.0～2.49
2.5～2.99
3.0～3.49
3.5～3.99
4.0～4.49
4.5～4.99
5.0～5.49
5.5～5.99
6.0～6.49
6.5～6.99
7.0～7.49
7.5～7.99
  8.0～
選択なし",,,,,,,,,,,titleist.svg,,,,
,"～-0.001
0.0～0.049
0.05～0.099
0.1～0.199
0.2～0.299
0.3～0.399
0.4～0.499
  0.5～
選択なし",Titleist,,,,,,ドライバー,"～-0.001
0.0～0.049
0.05～0.099
0.1～0.199
0.2～0.299
0.3～0.399
0.4～0.499
  0.5～
選択なし",,,,,,,,,,,titleist.svg,,,,
,"～289
290～294
295～299
300～304
305～309
  310～
選択なし",Titleist,,,,,,ドライバー,"～289
290～294
295～299
300～304
305～309
  310～
選択なし",,,,,,,,,,,titleist.svg,,,,
,"～0.9
1～1.9
2～2.9
3～3.9
4～4.9
5～5.9
6～6.9
7～7.9
8～8.9
9～9.9
10～10.9
11～11.9
12～12.9
13～13.9
14～14.9
  15～
選択なし",Titleist,,,,,,ドライバー,"～0.9
1～1.9
2～2.9
3～3.9
4～4.9
5～5.9
6～6.9
7～7.9
8～8.9
9～9.9
10～10.9
11～11.9
12～12.9
13～13.9
14～14.9
  15～
選択なし",,,,,,,,,,,titleist.svg,,,,
,"～33.99
34.0～34.49
34.5～34.99
35.0～35.49
35.5～35.99
  36.0～
選択なし",Titleist,,,,,,ドライバー,"～33.99
34.0～34.49
34.5～34.99
35.0～35.49
35.5～35.99
  36.0～
選択なし",,,,,,,,,,,titleist.svg,,,,
,"～399
400～409
410～419
420～429
430～439
440～449
450～459
460～469
470～479
480～489
490～499
  500～
選択なし",Titleist,,,,,,ドライバー,"～399
400～409
410～419
420～429
430～439
440～449
450～459
460～469
470～479
480～489
490～499
  500～
選択なし",,,,,,,,,,,titleist.svg,,,,
,"～69
70～79
80～89
90～94
95～99
100～104
105～109
110～114
115～119
120～124
125～129
  130～
選択なし",Titleist,,,,,,ドライバー,"～69
70～79
80～89
90～94
95～99
100～104
105～109
110～114
115～119
120～124
125～129
  130～
選択なし",,,,,,,,,,,titleist.svg,,,,
,"～6
5.9～5.5
5.4～5
4.9～4.5
4.4～4
3.9～3.5
3.4～3
2.9～2.5
2.4～2
1.9～1.5
  1.49～
選択なし",Titleist,,,,,,ドライバー,"～6
5.9～5.5
5.4～5
4.9～4.5
4.4～4
3.9～3.5
3.4～3
2.9～2.5
2.4～2
1.9～1.5
  1.49～
選択なし",,,,,,,,,,,titleist.svg,,,,
,"中調子
元調子
先調子
中元調子
中先調子
選択なし",Titleist,,,,,,ドライバー,"中調子
元調子
先調子
中元調子
中先調子
選択なし",,,,,,,,,,,titleist.svg,,,,
,"～34
35～39
40～44
45～49
  50～
選択なし",Titleist,,,,,,ドライバー,"～34
35～39
40～44
45～49
  50～
選択なし",,,,,,,,,,,titleist.svg,,,,
,"～B9
C0～C4
C5～C9
D0～D4
D5～D9
  E0～
選択なし",Titleist,,,,,,ドライバー,"～B9
C0～C4
C5～C9
D0～D4
D5～D9
  E0～
選択なし",,,,,,,,,,,titleist.svg,,,,
,"LL
L
A
RR
R
SR
S
SS
X
XX
WEDGE
絞り込み無し",Titleist,,,,,,ドライバー,"LL
L
A
RR
R
SR
S
SS
X
XX
WEDGE
絞り込み無し",,,,,,,,,,,titleist.svg,,,,
,"チタン(合金含む)
ステンレス鋼
スーパーハイテン
アーメット鋼
マレージング鋼
スチール
タングステン
軟鉄
選択なし",Titleist,,,,,,ドライバー,"チタン(合金含む)
ステンレス鋼
スーパーハイテン
アーメット鋼
マレージング鋼
スチール
タングステン
軟鉄
選択なし",,,,,,,,,,,titleist.svg,,,,
,"鍛造
鋳造
選択なし",Titleist,,,,,,ドライバー,"鍛造
鋳造
選択なし",,,,,,,,,,,titleist.svg,,,,
,"日本
中国
台湾
韓国
フィリピン
タイ
アメリカ
マレーシア
ベトナム
ミャンマー
インドネシア
インド
カンボジア
オーストラリア
ニュージーランド
選択なし",Titleist,,,,,,ドライバー,"日本
中国
台湾
韓国
フィリピン
タイ
アメリカ
マレーシア
ベトナム
ミャンマー
インドネシア
インド
カンボジア
オーストラリア
ニュージーランド
選択なし",,,,,,,,,,,titleist.svg,,,,
,"2010年角溝ルール適合
2010年角溝ルール不適合
選択なし",Titleist,,,,,,ドライバー,"2010年角溝ルール適合
2010年角溝ルール不適合
選択なし",,,,,,,,,,,titleist.svg,,,,
,"ロフト角
ライ角
フェース角
フェースプログレッション
オフセット
ヘッド重量
ヘッド体積
バウンス角
クラブの長さ
クラブ重量
シャフト重量
トルク
キックポイント
推奨ヘッドスピード
バランス
振動数",Titleist,,,,,,ドライバー,"ロフト角
ライ角
フェース角
フェースプログレッション
オフセット
ヘッド重量
ヘッド体積
バウンス角
クラブの長さ
クラブ重量
シャフト重量
トルク
キックポイント
推奨ヘッドスピード
バランス
振動数",,,,,,,,,,,titleist.svg,,,,
,"男性用
女性用",Titleist,,,,,,ドライバー,"男性用
女性用",,,,,,,,,,,titleist.svg,,,,
,"全てのメーカー
jBEAM
S-YARD
T.P.Mills
TMJ
YES!Golf
つるやゴルフ
アキラプロダクツ
イオンスポーツ
ウィンバード
ウイットラム
ウイルソン
エポン
オデッセイ
カタナ
カムイ
キャスコ
キャロウェイ
クリーブランド
グローブライド（旧ダイワ）
コブラ
サソーグラインド
ジオテック
スコッティ・キャメロン
ダンロップ
テーラーメイド
ナイキ
ネバーコンプロマイズ
パワービルト
ピン
フォレスタ
フォーティーン
ブリヂストン
プロギア
ベティナルディ
マグレガー
マルマン
ミズノ
ヤマハ
ヨネックス
リョーマゴルフ
ロイヤルコレクション
ロマロ
ワークス
三浦技研
本間ゴルフ",Titleist,,,,,,ドライバー,"全てのメーカー
jBEAM
S-YARD
T.P.Mills
TMJ
YES!Golf
つるやゴルフ
アキラプロダクツ
イオンスポーツ
ウィンバード
ウイットラム
ウイルソン
エポン
オデッセイ
カタナ
カムイ
キャスコ
キャロウェイ
クリーブランド
グローブライド（旧ダイワ）
コブラ
サソーグラインド
ジオテック
スコッティ・キャメロン
ダンロップ
テーラーメイド
ナイキ
ネバーコンプロマイズ
パワービルト
ピン
フォレスタ
フォーティーン
ブリヂストン
プロギア
ベティナルディ
マグレガー
マルマン
ミズノ
ヤマハ
ヨネックス
リョーマゴルフ
ロイヤルコレクション
ロマロ
ワークス
三浦技研
本間ゴルフ",,,,,,,,,,,titleist.svg,,,,
,"2025年
2024年
2023年
2022年
2021年
2020年
2019年
2018年
2017年
2016年
2015年
2014年
2013年
2012年
2011年
2010年
2009年
2008年
2007年
2006年
2005年
2004年
2003年
2002年
2001年
2000年
不明
絞り込み無し",Titleist,,,,,,ドライバー,"2025年
2024年
2023年
2022年
2021年
2020年
2019年
2018年
2017年
2016年
2015年
2014年
2013年
2012年
2011年
2010年
2009年
2008年
2007年
2006年
2005年
2004年
2003年
2002年
2001年
2000年
不明
絞り込み無し",,,,,,,,,,,titleist.svg,,,,
,"～1.99
2.0～2.99
3.0～3.99
4.0～4.99
5.0～5.99
6.0～6.99
7.0～7.99
  8.0～
選択なし",Titleist,,,,,,ドライバー,"～1.99
2.0～2.99
3.0～3.99
4.0～4.99
5.0～5.99
6.0～6.99
7.0～7.99
  8.0～
選択なし",,,,,,,,,,,titleist.svg,,,,
,"～69.99
70.0～70.99
71.0～71.99
72.0～72.99
73.0～73.99
74.0～74.99
75.0～75.99
76.0～76.99
77.0～77.99
78.0～78.99
79.0～79.99
  80.0～
選択なし",Titleist,,,,,,ドライバー,"～69.99
70.0～70.99
71.0～71.99
72.0～72.99
73.0～73.99
74.0～74.99
75.0～75.99
76.0～76.99
77.0～77.99
78.0～78.99
79.0～79.99
  80.0～
選択なし",,,,,,,,,,,titleist.svg,,,,
,"～-5.0
-4.99～-0.01
0.0～4.99
5.0～9.99
  10.0～
選択なし",Titleist,,,,,,ドライバー,"～-5.0
-4.99～-0.01
0.0～4.99
5.0～9.99
  10.0～
選択なし",,,,,,,,,,,titleist.svg,,,,
,"～329
330～339
340～349
350～359
360～369
370～379
380～389
390～399
400～449
450～499
  500～
選択なし",Titleist,,,,,,ドライバー,"～329
330～339
340～349
350～359
360～369
370～379
380～389
390～399
400～449
450～499
  500～
選択なし",,,,,,,,,,,titleist.svg,,,,
,"～31.99
32.0～32.99
33.0～33.99
34.0～34.99
35.0～35.99
36.0～36.99
37.0～37.99
38.0～38.99
39.0～39.99
40.0～40.99
41.0～41.99
42.0～42.99
43.0～43.99
44.0～44.99
45.0～45.99
46.0～46.99
  47.0～
選択なし",Titleist,,,,,,ドライバー,"～31.99
32.0～32.99
33.0～33.99
34.0～34.99
35.0～35.99
36.0～36.99
37.0～37.99
38.0～38.99
39.0～39.99
40.0～40.99
41.0～41.99
42.0～42.99
43.0～43.99
44.0～44.99
45.0～45.99
46.0～46.99
  47.0～
選択なし",,,,,,,,,,,titleist.svg,,,,
,"～499
500～509
510～519
520～529
530～539
540～549
550～559
560～569
570～579
580～589
590～599
  600～
選択なし",Titleist,,,,,,ドライバー,"～499
500～509
510～519
520～529
530～539
540～549
550～559
560～569
570～579
580～589
590～599
  600～
選択なし",,,,,,,,,,,titleist.svg,,,,
,"～B9
C0～C4
C5～C9
D0～D4
D5～D9
E0～E4
E5～E9
F0～
選択なし",Titleist,,,,,,ドライバー,"～B9
C0～C4
C5～C9
D0～D4
D5～D9
E0～E4
E5～E9
F0～
選択なし",,,,,,,,,,,titleist.svg,,,,
,"トゥ・ヒール型
マレット型
ネオマレット型
T字型(キャッシュイン型)
トンカチ型
ブレード型
選択なし",Titleist,,,,,,ドライバー,"トゥ・ヒール型
マレット型
ネオマレット型
T字型(キャッシュイン型)
トンカチ型
ブレード型
選択なし",,,,,,,,,,,titleist.svg,,,,
,"ノーマルシャフト
センターシャフト
L字型
ヘッド後方シャフト
トゥ側シャフト
選択なし",Titleist,,,,,,ドライバー,"ノーマルシャフト
センターシャフト
L字型
ヘッド後方シャフト
トゥ側シャフト
選択なし",,,,,,,,,,,titleist.svg,,,,
,"ベントシャフト
シングルベント
ダブルベント
トリプルベント
ストレート
カーブネック
クランクネック
スラントネック
選択なし",Titleist,,,,,,ドライバー,"ベントシャフト
シングルベント
ダブルベント
トリプルベント
ストレート
カーブネック
クランクネック
スラントネック
選択なし",,,,,,,,,,,titleist.svg,,,,
,"チタン(合金含む)
ステンレス鋼
スーパーハイテン
アーメット鋼
マレージング鋼
スチール
タングステン
軟鉄
選択なし",Titleist,,,,,,ドライバー,"チタン(合金含む)
ステンレス鋼
スーパーハイテン
アーメット鋼
マレージング鋼
スチール
タングステン
軟鉄
選択なし",,,,,,,,,,,titleist.svg,,,,
,"日本
中国
台湾
韓国
フィリピン
タイ
アメリカ
マレーシア
ベトナム
ミャンマー
インドネシア
インド
カンボジア
オーストラリア
ニュージーランド
選択なし",Titleist,,,,,,ドライバー,"日本
中国
台湾
韓国
フィリピン
タイ
アメリカ
マレーシア
ベトナム
ミャンマー
インドネシア
インド
カンボジア
オーストラリア
ニュージーランド
選択なし",,,,,,,,,,,titleist.svg,,,,
,"ロフト角
ライ角
フェース角
フェースプログレッション
オフセット
ヘッド重量
ヘッド体積
バウンス角
クラブの長さ
クラブ重量
シャフト重量
トルク
キックポイント
推奨ヘッドスピード
バランス
振動数",Titleist,,,,,,ドライバー,"ロフト角
ライ角
フェース角
フェースプログレッション
オフセット
ヘッド重量
ヘッド体積
バウンス角
クラブの長さ
クラブ重量
シャフト重量
トルク
キックポイント
推奨ヘッドスピード
バランス
振動数",,,,,,,,,,,titleist.svg,,,,
,,Titleist,,,,,,ドライバー,,ゴルフクラブの評価・レビュー のメニュー,,ゴルフクラブの評価・レビュー のメニュー,,,,,,,,titleist.svg,,,,
,▼クラブ種類別で探す,Titleist,,,,,,ドライバー,▼クラブ種類別で探す,"▼その他

ゴルフクラブを評価・レビューする
評価・レビューの修正／削除の依頼
感想・問い合わせフォーム


当サイトは一部のページでアフィリエイトを使用しております。



当サイトについて

リンクフリーです。どのページを貼って頂いても構いません。
正確な情報を掲載するよう心がけておりますが、当サイト内の情報の正確性ついての保証は致しかねます。

詳しくはこちら »

当サイトは広告（アフィリエイトやGoogle AdSense等）を活用して運営しています。
当サイトは第三者配信（Google Adsense）による広告サービスにてクッキーを使用しております。詳しくはプライバシーポリシーをご覧下さい。
当サイトの運営者情報はこちら","▼メーカー別で探す


メーカー一覧
GTDゴルフ
Jazz Golf
jBEAM
RODDIO
S-YARD
SYB（サイブ／コンセプト）
T.P.Mills
TMJ
YES!Golf
アキラプロダクツ
イオンスポーツ
ウイットラム
ウイルソン
ウィンバード
エナ
エポン
オデッセイ
カタナ
カムイ
キャスコ
キャロウェイ
グランプリ
クリーブランド
クルーズ
クレイジー
グローブライド（旧ダイワ）
ゲージデザイン
コブラ
サソーグラインド
ジオテック
ジャスティック
スコッティ・キャメロン
タイトリスト
ダンロップ
つるやゴルフ
テーラーメイド
ナイキ
ネバーコンプロマイズ
パワービルト
ピン
フォーティーン
フォレスタ
ブリヂストン
プロギア
ベティナルディ
マグレガー
マルマン
ミズノ
ヤマハ
ヨネックス
リョーマゴルフ
ロイヤルコレクション
ロマロ
ワークス
三浦技研
本間ゴルフ



★PICK UP


テーラーメイドの評価・レビュー


キャロウェイの評価・レビュー


ミズノの評価・レビュー


ブリヂストンの評価・レビュー


ダンロップの評価・レビュー


マルマンの評価・レビュー


フォーティーンの評価・レビュー


タイトリストの評価・レビュー


ピンの評価・レビュー","▼その他

ゴルフクラブを評価・レビューする
評価・レビューの修正／削除の依頼
感想・問い合わせフォーム


当サイトは一部のページでアフィリエイトを使用しております。



当サイトについて

リンクフリーです。どのページを貼って頂いても構いません。
正確な情報を掲載するよう心がけておりますが、当サイト内の情報の正確性ついての保証は致しかねます。

詳しくはこちら »

当サイトは広告（アフィリエイトやGoogle AdSense等）を活用して運営しています。
当サイトは第三者配信（Google Adsense）による広告サービスにてクッキーを使用しております。詳しくはプライバシーポリシーをご覧下さい。
当サイトの運営者情報はこちら",,,,,,,,titleist.svg,,https://golfnavi.infohttps://golfnavi.info/club-cate/cate-driver,,
